-- phpMyAdmin SQL Dump
-- version 4.8.4
-- https://www.phpmyadmin.net/
--
-- Servidor: 127.0.0.1
-- Tiempo de generación: 18-03-2019 a las 05:14:39
-- Versión del servidor: 10.1.37-MariaDB
-- Versión de PHP: 7.3.0

SET SQL_MODE = "NO_AUTO_VALUE_ON_ZERO";
SET AUTOCOMMIT = 0;
START TRANSACTION;
SET time_zone = "+00:00";


/*!40101 SET @OLD_CHARACTER_SET_CLIENT=@@CHARACTER_SET_CLIENT */;
/*!40101 SET @OLD_CHARACTER_SET_RESULTS=@@CHARACTER_SET_RESULTS */;
/*!40101 SET @OLD_COLLATION_CONNECTION=@@COLLATION_CONNECTION */;
/*!40101 SET NAMES utf8mb4 */;

--
-- Base de datos: `granmercado`
--

-- --------------------------------------------------------

--
-- Estructura de tabla para la tabla `cargo`
--

CREATE TABLE `cargo` (
  `id_cargo` int(11) NOT NULL,
  `nombre_cargo` varchar(20) DEFAULT NULL
) ENGINE=InnoDB DEFAULT CHARSET=latin1;

--
-- Volcado de datos para la tabla `cargo`
--

INSERT INTO `cargo` (`id_cargo`, `nombre_cargo`) VALUES
(1, 'USUARIO'),
(2, 'FACTURADOR'),
(3, 'ADMINISTRADOR');

-- --------------------------------------------------------

--
-- Estructura de tabla para la tabla `categorias`
--

CREATE TABLE `categorias` (
  `id_categoria` int(11) NOT NULL,
  `nombre_categoria` varchar(80) NOT NULL,
  `porcentaje_categoria` int(11) NOT NULL
) ENGINE=InnoDB DEFAULT CHARSET=latin1;

--
-- Volcado de datos para la tabla `categorias`
--

INSERT INTO `categorias` (`id_categoria`, `nombre_categoria`, `porcentaje_categoria`) VALUES
(1, 'CERVEZA NACIONAL', 25),
(2, 'CERVEZA IMPORTADA', 30),
(3, 'VINOS', 40),
(4, 'DELICATESSEN', 30),
(5, 'ESPIRITUOSAS', 30),
(6, 'APERITIVOS', 30),
(7, 'BEBIDAS SIN ALCOHOL', 20),
(8, 'ESPUMANTES', 40),
(9, 'ENERGIZANTES', 25),
(10, 'VARIOS', 30);

-- --------------------------------------------------------

--
-- Estructura de tabla para la tabla `clientes`
--

CREATE TABLE `clientes` (
  `id_cliente` int(11) NOT NULL,
  `documento_cliente` int(11) NOT NULL,
  `razonsocial` varchar(200) NOT NULL,
  `telefono_cliente` bigint(20) NOT NULL,
  `direccion_cliente` varchar(500) NOT NULL
) ENGINE=InnoDB DEFAULT CHARSET=latin1;

--
-- Volcado de datos para la tabla `clientes`
--

INSERT INTO `clientes` (`id_cliente`, `documento_cliente`, `razonsocial`, `telefono_cliente`, `direccion_cliente`) VALUES
(1, 95685276, 'AVELINO FIGUEIRA', 1127283493, 'SARGENTO CABRAL 450 EL PALOMAR'),
(6, 16368541, 'MIRIAN SUREIMA', 2147483647, 'LA ENSENADA CALLE 1 CASA 22'),
(31, 26804975, 'ANDRES ADOLFO DÍAZ PINTO', 2147483647, 'SARGENTO CABRAL 450 PISO 1 DPTO 5, EL PALOMAR BUENOS AIRES'),
(33, 12574584, 'JULIO MARQUENZA', 1165472409, 'PILAR, BUENOS AIRES'),
(34, 95854406, 'MARIA FIGUEREDO', 1154897234, 'PALOMAR CIUDAD JARDIN'),
(37, 54548552, 'GUSTAVO MERLOZANO', 1128393403, 'AV SAN JOAQUIN YAGUA'),
(38, 6354582, 'ROMINA ZARATE', 11245878475, 'PILAR BUENOS AIRES'),
(39, 5825364, 'JAVIER SANCHEZ', 112648239, 'PILAR NORTE'),
(40, 26390042, 'JOSE FLORES', 112545669, 'LOMAS DE ZAMORAS');

-- --------------------------------------------------------

--
-- Estructura de tabla para la tabla `detalleventa`
--

CREATE TABLE `detalleventa` (
  `id_detalle` int(11) NOT NULL,
  `id_cliente` int(11) NOT NULL,
  `id_producto` int(11) NOT NULL,
  `id_factura` int(11) NOT NULL,
  `id_usuario` int(11) NOT NULL,
  `precio_detalle` int(11) NOT NULL,
  `cantidad_detalle` int(11) NOT NULL,
  `markup_detalle` int(11) NOT NULL,
  `rentabilidad_detalle` varchar(45) NOT NULL
) ENGINE=InnoDB DEFAULT CHARSET=latin1;

-- --------------------------------------------------------

--
-- Estructura de tabla para la tabla `factura`
--

CREATE TABLE `factura` (
  `id_factura` int(11) NOT NULL,
  `total_factura` int(11) NOT NULL,
  `fecha_factura` date NOT NULL
) ENGINE=InnoDB DEFAULT CHARSET=latin1;

-- --------------------------------------------------------

--
-- Estructura de tabla para la tabla `productos`
--

CREATE TABLE `productos` (
  `id_producto` int(11) NOT NULL,
  `nombre_producto` varchar(100) NOT NULL,
  `costo_producto` decimal(11,2) NOT NULL,
  `id_categoria` int(11) NOT NULL,
  `cantidad_producto` int(11) NOT NULL,
  `precio_producto` decimal(11,2) NOT NULL
) ENGINE=InnoDB DEFAULT CHARSET=latin1;

--
-- Volcado de datos para la tabla `productos`
--

INSERT INTO `productos` (`id_producto`, `nombre_producto`, `costo_producto`, `id_categoria`, `cantidad_producto`, `precio_producto`) VALUES
(1, 'MILLER IMPORTADA HIGH LIFE', '38.09', 2, 11, '49.52'),
(2, 'GROLSCH TAPA CERAMICA', '48.50', 2, 24, '63.05'),
(3, 'DADOBIER IPA', '68.02', 2, 0, '88.43'),
(4, 'DADOBIER TRIGO', '68.02', 2, 0, '88.43'),
(5, 'DADOBIER LAGER', '43.72', 2, 0, '56.84'),
(6, 'VAN POUR', '35.00', 2, 1740, '45.50'),
(7, 'BEAR BEER NEGRA', '74.92', 2, 24, '97.40'),
(8, 'KOSTRIZER NEGRA', '82.82', 2, 24, '107.67'),
(9, 'BRAHMA SUB ZERO IMPORTADA', '20.00', 2, 6, '26.00'),
(10, 'PORRON PILSEN 330CC', '46.15', 2, 61, '60.00'),
(11, 'PORRON PILSEN MANDIOCA 330', '53.44', 2, 8, '69.47'),
(12, 'PORRON BUD LIGTH', '65.58', 2, 13, '85.25'),
(13, 'PAULANER TRIGO X 500CC', '125.03', 2, 14, '162.54'),
(14, 'BARBA ROJA LATA 473CC DIABLA', '56.76', 2, 15, '73.79'),
(15, 'BARBA ROJA LATA 473CC FRUTADA', '56.76', 2, 15, '73.79'),
(16, 'BARBA ROJA LATA 473CC HONEY', '56.76', 2, 15, '73.79'),
(17, 'BARBA ROJA LATA 473CC IPA', '56.76', 2, 15, '73.79'),
(18, 'BARBA ROJA LATA 473CC LAGER', '56.76', 2, 5, '73.79'),
(19, 'BARBA ROJA LATA 473CC LIMON', '56.76', 2, 0, '73.79'),
(20, 'BARBA ROJA LATA 473CC WINNER', '56.76', 2, 0, '73.79'),
(21, 'BARBA ROJA LATA 473CC TRIGO', '56.76', 2, 0, '73.79'),
(22, 'JADE RUBIA X 650', '275.96', 2, 6, '358.75'),
(23, 'H41 WILD LAGER', '88.82', 2, 37, '115.47'),
(24, 'ITALA PILSEN', '76.44', 2, 22, '99.37'),
(25, 'BARBA ROJA 330CC LAGER', '43.35', 2, 4, '56.36'),
(26, 'BARBA ROJA 330CC PATAGONIA', '43.35', 2, 0, '56.36'),
(27, 'BARBA ROJA PORTER 330 CC', '43.35', 2, 7, '56.36'),
(28, 'BARBA ROJA 330 HONEY', '43.35', 2, 2, '56.36'),
(29, 'BARBA ROJA 330 WINER', '43.35', 2, 6, '56.36'),
(30, 'BARBA ROJA DIABLA 330 CC', '43.35', 2, 3, '56.36'),
(31, 'BARBA ROJA FRUTADA 330CC', '43.35', 2, 8, '56.36'),
(32, 'BARBA ROJA MATBIERZ 330CC', '43.35', 2, 4, '56.36'),
(33, 'BARBA ROJA IPA 330CC', '43.35', 2, 0, '56.36'),
(34, 'BARBA ROJA 330 MALTA MALTA S/ALCOHOL', '50.00', 2, 3, '65.00'),
(35, 'BARBA ROJA 655 MALGBIER', '68.35', 2, 5, '88.86'),
(36, 'BARBA ROJA 655 LAGER', '68.35', 2, 6, '88.86'),
(37, 'BARBA ROJA 655 PATAGONIA', '68.35', 2, 3, '88.86'),
(38, 'BARBA ROJA 655 POTER', '68.35', 2, 6, '88.86'),
(39, 'BARBA ROJA 655 DIABLA', '68.35', 2, 3, '88.86'),
(40, 'BARBA ROJA 655 HONEY', '68.35', 2, 2, '88.86'),
(41, 'BARBA ROJA 655IPA', '68.35', 2, 6, '88.86'),
(42, 'BARBA ROJA 655 FLORAL', '68.35', 2, 7, '88.86'),
(43, 'BARBA ROJA WINNER 655CC', '68.35', 2, 7, '88.86'),
(44, 'BARBA ROJA HONEY 1000CC', '78.38', 2, 6, '101.89'),
(45, 'BARBA ROJA LAGER 1000CC', '78.38', 2, 19, '101.89'),
(46, 'BARBA ROJA IPA 1000CC', '78.38', 2, 16, '101.89'),
(47, 'BARBA ROJA WINER 1000CC', '78.38', 2, 22, '101.89'),
(48, 'BARBA ROJA FRUTADA 1000CC', '78.38', 2, 8, '101.89'),
(49, 'BARBA ROJA DIABLA 1000CC', '78.38', 2, 21, '101.89'),
(50, 'BARBA ROJA TRIGO 1000CC', '78.38', 2, 0, '101.89'),
(51, 'BARBA ROJA LEMON 1000CC', '78.38', 2, 6, '101.89'),
(52, 'ERDINGER', '86.93', 2, 4, '113.01'),
(53, 'ERDINGER SIN ALCOHOL', '90.45', 2, 17, '117.59'),
(54, 'PEÑON AGUILA HONEY', '52.52', 2, 9, '68.28'),
(55, 'PEÑON AGUILA SANDIA', '67.39', 2, 0, '87.61'),
(56, 'PEÑON AGUILA MEXICAN LAGER', '46.13', 2, 0, '59.97'),
(57, 'PEÑON AGUILA NEGRA', '52.52', 2, 14, '68.28'),
(58, 'PEÑON AGUILA ROJA', '52.52', 2, 15, '68.28'),
(59, 'PEÑON AGUILA RUBIA', '52.52', 2, 2, '68.28'),
(60, 'PEÑON AGUILA ARANDANOS', '70.32', 2, 5, '91.42'),
(61, 'PEÑON AGUILA MARACUYA', '70.32', 2, 2, '91.42'),
(62, 'PEÑON AGUILA FRANBUEZA', '70.32', 2, 4, '91.42'),
(63, 'PEÑON AGUILA IPA', '70.32', 2, 14, '91.42'),
(64, 'ESTRELLA LATA 500CC', '70.32', 2, 7, '91.42'),
(65, 'ESTRELLA GALICIA PORRON 355', '69.04', 2, 5, '89.75'),
(66, 'ESTRELLA GALICIA FREE GLUTEN 330', '89.98', 2, 6, '116.97'),
(67, 'ESTRELLA GALICIA LATA 473CC', '74.67', 2, 7, '97.07'),
(68, 'STRAUSS RED ALE 1 X 355CC', '55.63', 2, 11, '72.32'),
(69, 'STRAUSS GOLDEN 1 X 355CC', '55.63', 2, 11, '72.32'),
(70, 'PERONI', '89.64', 2, 4, '116.53'),
(71, 'MORETTI', '89.64', 2, 1, '116.53'),
(72, 'CUSQUEÑA TRIGO', '35.16', 2, 61, '45.71'),
(73, 'CUSQUEÑA ROJA', '39.86', 2, 13, '51.82'),
(74, 'CUSQUEÑA NEGRA', '39.86', 2, 11, '51.82'),
(75, 'CUSQUEÑA GOLDEN', '39.86', 2, 42, '51.82'),
(76, 'BRODA GOLDEN', '39.00', 2, 7, '50.70'),
(77, 'BRODA IPA', '49.00', 2, 5, '63.70'),
(78, 'TANDILIA RUBIA', '60.00', 2, 9, '78.00'),
(79, 'BRODA HONEY', '39.00', 2, 1, '50.70'),
(80, 'FAXE 10%', '147.50', 2, 2, '191.75'),
(81, 'BAVIERA LATA 1X330CC', '29.15', 2, 11, '37.90'),
(82, 'ITAIPAVA 1X269', '48.58', 2, 0, '63.15'),
(83, 'SAMBA X 500', '41.29', 2, 0, '53.68'),
(84, 'KAISER ULTRA X 473', '41.29', 2, 0, '53.68'),
(85, 'BUDWEISER 66 X 355CC', '63.14', 2, 4, '82.08'),
(86, 'LAOSHAN PORRON X 330 CC', '65.58', 2, 6, '85.25'),
(87, 'KUSMANN TOROBAYO 500CC', '89.90', 2, 8, '116.87'),
(88, 'BLUE MOON', '111.00', 2, 24, '144.30'),
(89, 'KUSMANN VALDIBIA', '89.90', 2, 4, '116.87'),
(90, 'KUSMAN GRAN TOROBAJO', '89.90', 2, 4, '116.87'),
(91, 'SKOL X 500CC', '41.29', 2, 0, '53.68'),
(92, 'QUORO FINO', '51.00', 2, 3, '66.30'),
(93, 'KUSMAN BLOK 500CC', '89.90', 2, 6, '116.87'),
(94, 'FAXE BLACK 4.7%', '147.50', 2, 4, '191.75'),
(95, 'FAXE WITBIER', '147.50', 2, 2, '191.75'),
(96, 'FAXE ROYAL 5.6%', '147.50', 2, 5, '191.75'),
(97, 'FAXE LAGER COLECCIÓN', '135.70', 2, 6, '176.41'),
(98, 'FAXE LAGER', '135.70', 2, 5, '176.41'),
(99, 'ACDC', '100.00', 2, 15, '130.00'),
(100, 'BORIS', '58.39', 2, 3, '75.91'),
(101, 'TROPER LATA 473CC', '101.25', 2, 17, '131.63'),
(102, 'SCHOFFERHOFER POMELO', '85.15', 2, 5, '110.70'),
(103, 'DAB', '96.00', 2, 4, '124.80'),
(104, 'BREDA', '41.36', 2, 4, '53.77'),
(105, 'DARGURNER PILSEN', '45.12', 2, 3, '58.66'),
(106, '86 ROJA', '76.14', 2, 5, '98.98'),
(107, '86 NEGRA', '80.84', 2, 3, '105.09'),
(108, '86 GOLD', '80.84', 2, 2, '105.09'),
(109, '86 ORIGINAL', '76.14', 2, 3, '98.98'),
(110, '86 EXTREME', '80.84', 2, 3, '105.09'),
(111, 'TANDILIA ROJA', '60.00', 2, 4, '78.00'),
(112, 'TANDILIA NEGRA', '60.00', 2, 7, '78.00'),
(113, 'POSTANAK CELESTE', '64.80', 2, 4, '84.24'),
(114, 'POSTANAK NARANJA', '64.80', 2, 2, '84.24'),
(115, 'POSTANAK ROJO', '64.80', 2, 0, '84.24'),
(116, 'ORANJEBOOM ORIGINAL', '62.00', 2, 2, '80.60'),
(117, 'ORANJEBOOM LEMON', '65.00', 2, 4, '84.50'),
(118, 'ORANJEBOOM 12', '78.00', 2, 2, '101.40'),
(119, 'ORANJEBOOM 8.5', '68.99', 2, 4, '89.69'),
(120, 'ORANJEBOOM 16', '96.00', 2, 4, '124.80'),
(121, 'BUDWEISER ALUMINIO', '31.25', 2, 0, '40.63'),
(122, 'TROPER 330CC', '106.96', 2, 24, '139.05'),
(123, 'FAXE 500CC STOUT', '76.70', 2, 5, '99.71'),
(124, 'FAXE LAGER 500CC', '76.70', 2, 12, '99.71'),
(125, 'FAXE 500CC 7.1%', '76.70', 2, 4, '99.71'),
(126, 'FAXE 500CC IPA', '76.70', 2, 11, '99.71'),
(127, 'ITAPAVA X 473CC', '72.87', 2, 0, '94.73'),
(128, 'ANTARES COMUNES', '56.00', 2, 60, '72.80'),
(129, 'ANTARES ESPECIALES', '67.20', 2, 28, '87.36'),
(130, 'HEINEKEN BARRIL C VASOS', '1300.00', 2, 0, '1690.00'),
(131, 'BOHEMIAN', '72.87', 2, 5, '94.73'),
(132, 'DAURA 330CC FREE GLUTEN', '89.98', 2, 6, '116.97'),
(133, 'BAVARIA 330CC FREE GLUTEN', '89.98', 2, 5, '116.97'),
(134, 'BAVARIA 500CC', '72.87', 2, 6, '94.73'),
(135, 'MALTA 500CC', '72.87', 2, 0, '94.73'),
(136, 'CRYSTAL LATA 500CC', '76.70', 2, 6, '99.71'),
(137, 'MANI PEHUAMAR', '46.15', 2, 50, '60.00'),
(138, 'PEP RUEDITAS 150 GRS', '46.15', 2, 50, '60.00'),
(139, 'CHETOOS 116 GRS', '46.15', 2, 50, '60.00'),
(140, 'TWISTOS 4 QUESOS', '38.46', 2, 50, '50.00'),
(141, 'TWISTOS JAMON', '38.46', 2, 50, '50.00'),
(142, 'CHETOOS 165 GRS', '53.84', 10, 50, '69.99'),
(143, 'PEP PALITOS X 150GRS', '46.16', 10, 50, '60.01'),
(144, '3D 116 GRS', '46.16', 10, 50, '60.01'),
(145, '3D 165 GRS', '53.85', 10, 50, '70.01'),
(146, 'DORITOS 105 GRS', '46.16', 10, 50, '60.01'),
(147, 'DORITOS 150 GRS', '53.84', 10, 50, '69.99'),
(148, 'LAIS 150 GRS', '53.84', 10, 50, '69.99'),
(149, 'LAIS 105 GRS', '38.44', 10, 50, '49.97'),
(150, 'LLAVERO', '5.00', 10, 20, '6.50'),
(151, 'SHOT ISENBECK', '10.00', 10, 20, '13.00'),
(152, 'VASO ISENBECK X 400CC', '50.00', 10, 20, '65.00'),
(153, 'ISENBECK X 200 CC', '50.00', 10, 20, '65.00'),
(154, 'CONSERVADORA CORONA', '1482.84', 10, 20, '1.93'),
(155, 'STELLA ESTUCHE 2 COPAS + BOTELLA', '185.35', 10, 20, '240.96'),
(156, 'ESTUCHE ANTARES', '323.00', 10, 20, '419.90'),
(157, 'RED BULL X 24', '25.00', 10, 12, '31.25'),
(158, 'SPEED X 24', '18.75', 10, 11, '234.38'),
(159, 'SPPED X 12 710CC', '385.00', 10, 5, '481.25'),
(160, 'AGUAS X 500 FUENTE MILAGRO X 12', '88.00', 10, 10, '105.60'),
(161, 'AGUA FUENTE MILLAGRO 1000CC', '88.00', 10, 0, '105.60'),
(162, 'COCA X 2 LITROS Y CUARTO', '480.00', 9, 7, '576.00'),
(163, 'PEPSI X 12 500CC', '188.00', 9, 0, '225.60'),
(164, 'BAGGIO LITRO', '208.00', 9, 17, '249.60'),
(165, 'AGUA FRESCH', '118.75', 7, 10, '142.50'),
(166, 'AGUA FRESCH 500CC', '88.50', 7, 8, '106.20'),
(167, 'SPRITE 2 1/4', '480.00', 7, 3, '576.00'),
(168, 'TONICA 1500CC', '410.00', 7, 1, '492.00'),
(169, 'PEPSI LATA 355CC', '114.00', 7, 20, '136.80'),
(170, 'SALENTEIN RESERV CAJA X 3', '546.00', 7, 1, '764.40'),
(171, 'SIDRA REAL', '250.00', 7, 18, '350.00'),
(172, 'LUIGUI BOSCA', '290.00', 7, 1, '406.00'),
(173, 'BARON B', '430.00', 7, 14, '602.00'),
(174, 'GRAN CUVE NIETO', '250.00', 7, 9, '350.00'),
(175, 'SALENTEIN ESTUCHE + 2 COPAS', '475.00', 8, 6, '665.00'),
(176, 'ESTUCHE SALENTEIN ROSE', '180.00', 8, 2, '252.00'),
(177, 'ESTUCHE SALENTEIN EXTRA BRUT', '170.00', 8, 3, '238.00'),
(178, 'NICASSIA', '225.00', 8, 6, '315.00'),
(179, 'SIDRA FARRUCA', '140.63', 8, 14, '196.88'),
(180, 'AYRA', '265.00', 8, 6, '371.00'),
(181, 'SALENTEIN EXTRA BRUT', '135.00', 8, 63, '189.00'),
(182, 'CADUS', '580.00', 8, 5, '812.00'),
(183, 'SALENTEIN BRUT NATURE', '145.00', 8, 36, '203.00'),
(184, 'SALENTEIN BRUT ROSE', '145.00', 8, 6, '203.00'),
(185, 'SIDRA 1888', '105.00', 8, 44, '147.00'),
(186, 'EMILIA DULCE', '140.00', 8, 6, '196.00'),
(187, 'EMILIA EXTRA BRUT', '140.00', 8, 6, '196.00'),
(188, 'NIETO SENETINER BRUT NATURE', '172.50', 8, 6, '241.50'),
(189, 'NIETO SENETINER EXTRA BRUT', '157.50', 8, 6, '220.50'),
(190, 'NIETO SENETINER BRUT ROSE', '167.50', 8, 3, '234.50'),
(191, 'CHANDON', '200.00', 8, 8, '280.00'),
(192, 'RUCA MALEN EXTRA BRUT', '150.00', 8, 12, '210.00'),
(193, 'AIME EXTRA SWETT', '129.25', 8, 11, '180.95'),
(194, 'MONCHENOT BRUT NATURE', '263.99', 8, 8, '369.59'),
(195, 'MONCHENOT ROSE', '270.00', 8, 8, '378.00'),
(196, 'MONCHENOT EXTRA BRUT', '188.84', 8, 8, '264.38'),
(197, 'LOPEZ DULCE', '156.83', 8, 7, '219.56'),
(198, 'SAINT CLEMENT DULCE', '45.00', 8, 8, '63.00'),
(199, 'SAINT CLEMENT EXTRA BRUT', '45.00', 8, 6, '63.00'),
(200, 'MOINT REMIS', '123.83', 8, 4, '173.36'),
(201, 'LOPEZ EXTRA BRUT', '156.83', 8, 8, '219.56'),
(202, 'SIDRA PEER 500CC', '67.20', 8, 10, '94.08'),
(203, 'PRIMER PLANO TORRONTES DULCE', '102.46', 8, 7, '143.44'),
(204, 'PRIMER PLANO EXTRA BRUT', '102.46', 8, 6, '143.44'),
(205, 'FEDERICO ALVEAR', '83.00', 8, 6, '116.20'),
(206, 'FEDERICO ALVEAR DULCE', '83.00', 8, 24, '116.20'),
(207, 'CHANDON DELICE', '224.00', 8, 8, '313.60'),
(208, 'APEROL + COPA', '189.00', 8, 2, '245.70'),
(209, 'FERNET 750 CC', '186.00', 8, 102, '241.80'),
(210, 'CAMPARI + VASO', '147.00', 8, 15, '191.10'),
(211, 'CAMPARI', '127.00', 8, 1, '165.10'),
(212, 'FERNET 450CC', '108.00', 8, 0, '140.40'),
(213, 'CARPARO ROSSO', '75.00', 6, 3, '97.50'),
(214, 'GANCIA', '92.00', 6, 17, '119.60'),
(215, 'FREEZE', '38.04', 6, 14, '49.45'),
(216, 'FERNET LITRO', '250.00', 6, 62, '325.00'),
(217, 'FERNET MENTA', '77.00', 6, 1, '100.10'),
(218, 'REINA ROJA', '77.16', 6, 2, '100.31'),
(219, 'GANCIA PERA Y SAUCO', '62.88', 6, 9, '81.74'),
(220, 'CYNAR', '85.00', 6, 5, '110.50'),
(221, 'DOCTOR LEMON LITRO', '46.00', 6, 0, '59.80'),
(222, 'DOCTOR LEMON C VODKA LATA', '24.50', 6, 72, '31.85'),
(223, 'DOCTOR LEMON', '24.50', 6, 48, '31.85'),
(224, 'RED LABEL', '400.00', 6, 10, '520.00'),
(225, 'BLACK LABEL 750CC', '780.00', 6, 10, '1014.00'),
(226, 'BLACK LABEL 1000 LLTS', '925.00', 6, 10, '1202.50'),
(227, 'PIONER LITRO WISKY', '70.00', 6, 10, '91.00'),
(228, 'JAGER 1 X 200', '248.40', 6, 10, '322.92'),
(229, 'JAGER 1 X 100', '10.00', 5, 10, '13.00'),
(230, 'MINIATURA JAGER 40CC', '53.56', 5, 10, '69.63'),
(231, 'JAGER COOKPACK', '475.00', 5, 10, '617.50'),
(232, 'ABSOLUT COMUN', '420.00', 5, 10, '546.00'),
(233, 'ABSOLUT AZUL CORAZON', '490.00', 5, 10, '637.00'),
(234, 'ABSOLUT VERDE', '490.00', 5, 10, '637.00'),
(235, 'GOLD LABEL', '1250.00', 5, 10, '1625.00'),
(236, 'ST GERMAIN 750CC', '1242.00', 5, 10, '1614.60'),
(237, 'JAMESON 750CC', '440.00', 5, 10, '572.00'),
(238, 'STAR OF BOMBAY', '2300.00', 5, 10, '2990.00'),
(239, 'FINLANDIA', '225.00', 5, 10, '292.50'),
(240, 'HENDRICKS', '1350.00', 5, 10, '1755.00'),
(241, 'MONKEY 47', '1890.00', 5, 10, '2457.00'),
(242, 'DOBLE BLACK 750CC', '880.00', 5, 10, '1144.00'),
(243, 'BLUE LABEL', '3600.00', 5, 10, '4680.00'),
(244, 'PRAVDA VODKA + CHIQUITA', '823.41', 5, 10, '1.07'),
(245, 'SHERIDANS', '900.00', 5, 10, '1170.00'),
(246, 'TEQUILA VODKA GOL', '330.00', 5, 10, '429.00'),
(247, 'ABSENTA', '330.00', 5, 10, '429.00'),
(248, 'JOSE CUERVO ESTUCHE + SHOT', '495.00', 5, 10, '643.50'),
(249, 'JAGER', '550.00', 5, 10, '715.00'),
(250, 'JAGER 1.75CC', '1450.00', 5, 10, '1885.00'),
(251, 'JACK DANIELS 750', '1236.00', 5, 10, '1606.80'),
(252, 'JACK DANIELS 1000CC', '1000.00', 5, 10, '1300.00'),
(253, 'JACK DANIEL 750 HONEY', '1236.00', 5, 10, '1606.80'),
(254, 'JAMESON', '550.00', 5, 10, '715.00'),
(255, 'BAYLIS', '422.89', 5, 10, '549.76'),
(256, 'BACCARDI ORO', '185.00', 5, 10, '240.50'),
(257, 'BACCARDI PLATA', '185.00', 5, 10, '240.50'),
(258, 'HERRRADURA TEQUILA', '1250.00', 5, 10, '1625.00'),
(259, 'AMARULA', '585.00', 5, 10, '760.50'),
(260, 'HODLMOSER', '550.00', 5, 10, '715.00'),
(261, 'PRINCIPE APOSTOLES', '380.00', 5, 10, '494.00'),
(262, 'GORDON', '200.00', 5, 10, '260.00'),
(263, 'BOMBAY', '550.00', 5, 10, '715.00'),
(264, 'BEAFEATER', '490.00', 5, 10, '637.00'),
(265, 'JOSE CUERVO', '465.00', 5, 10, '604.50'),
(266, 'PETACA WISKY', '20.00', 5, 10, '26.00'),
(267, 'PETACA RON', '15.00', 5, 10, '19.50'),
(268, 'PETACA VODKA', '15.00', 5, 10, '19.50'),
(269, 'PETACA CAFÉ', '15.00', 5, 10, '19.50'),
(270, 'SMIRNOF COMUN', '152.50', 5, 10, '198.25'),
(271, 'SMIRNOF SABORIZADO', '148.89', 5, 10, '193.56'),
(272, 'SKYY', '135.00', 5, 10, '175.50'),
(273, 'LICOR CUSENIER TRIPLE SEC', '89.08', 5, 10, '115.80'),
(274, 'LICOR CUSENIER FRUTILLA', '89.08', 5, 10, '115.80'),
(275, 'CHIVAS 12 AÑOS 750CC', '700.00', 5, 10, '910.00'),
(276, 'CHIVAS 12 AÑOS LITRO', '850.00', 5, 10, '1105.00'),
(277, 'LICOR DURAZNO', '89.08', 5, 10, '115.80'),
(278, 'ABSOLUT SABORIZADOS', '312.00', 5, 10, '405.60'),
(279, 'ABSOLUT ARMA TU BARRA', '1160.00', 5, 10, '1508.00'),
(280, 'HABANA CLUB BLANCO', '220.00', 5, 10, '286.00'),
(281, 'CASAYA', '279.68', 5, 10, '363.58'),
(282, 'HABANA CLUB DORADO', '230.00', 5, 10, '299.00'),
(283, 'ESPERIDINA', '10.00', 5, 10, '13.00'),
(284, 'ACEITE OLIVA LATA 500 CC', '172.50', 5, 6, '224.25'),
(285, 'ACEITE OLIVA LATA 1000CC', '292.95', 5, 6, '380.84'),
(286, 'ACEITE OLIVA VIDRIO', '172.50', 5, 6, '224.25'),
(287, 'MOSTAZA SOZ HONEY', '93.38', 5, 6, '224.25'),
(288, 'HUMMUS', '51.00', 5, 6, '380.84'),
(289, 'MARETTI -TOMATE, OLIVAS', '42.99', 4, 6, '224.25'),
(290, 'MARETTI -CUATRO QUESOS', '42.99', 4, 6, '121.39'),
(291, 'MARETTI - VEGETALES', '42.99', 4, 6, '66.30'),
(292, 'BOMBONES CONCOR TURRON', '15.00', 4, 6, '55.89'),
(293, 'BOMBONES CONCOR', '60.00', 4, 6, '55.89'),
(294, 'PATE DE TRUCHA A LA SALVIA', '47.62', 4, 6, '55.89'),
(295, 'PATE DE SALMON CON LICOR', '47.62', 4, 6, '19.50'),
(296, 'PATE DE SALMON AHUMADO', '47.62', 4, 6, '78.00'),
(297, 'PATE DE VEGETALES CON SOJA', '34.63', 4, 6, '61.91'),
(298, 'QUESO VACA QUE RIE', '111.82', 4, 6, '61.91'),
(299, 'MOSTAZA OLIVA Y ACETO', '100.83', 4, 6, '61.91'),
(300, 'SALSA PICANTE COSTEÑA', '61.88', 4, 6, '45.02'),
(301, 'SALSA LA COSTEÑA TAPA ROJA', '122.32', 4, 6, '145.37'),
(302, 'SALSA LA COSTEÑA TAPA VERDE', '122.32', 4, 6, '131.08'),
(303, 'SALES GOURMET', '20.00', 4, 6, '80.44'),
(304, 'PEPINOS AGRIDULCES 720CC', '59.90', 4, 6, '159.02'),
(305, 'PEPINOS AGRIDULCES 1550CC', '107.52', 4, 6, '159.02'),
(306, 'LA COSTEÑITA SERRANOS', '51.56', 4, 6, '26.00'),
(307, 'LA COSTELITA JALAPEÑOS', '65.33', 4, 6, '77.87'),
(308, 'FRIGOLES NEGROS ENTEROS', '96.82', 4, 6, '139.78'),
(309, 'NACHOS JALAPEÑOS ESCABECHE', '96.82', 4, 6, '67.03'),
(310, 'BAYOS FRITOS', '82.40', 4, 6, '84.93'),
(311, 'FRIGOLES NEGROS REFRITOS', '82.40', 4, 6, '125.87'),
(312, 'FROIGOLES BYOS ENTEROS', '82.40', 4, 6, '125.87'),
(313, 'MOSTAZAS FRASCO SOZ JALAPEÑO', '91.45', 4, 6, '107.12'),
(314, 'MOSTAZA FRASCO SOZ WUASABI', '74.44', 4, 6, '107.12'),
(315, 'ARYTZA MOSTAZA A LA MIEL', '68.75', 4, 6, '107.12'),
(316, 'ARYTZA MOSTAZA CHIMICHURRI', '68.75', 4, 6, '118.89'),
(317, 'ARYTZA TIPO GUILLON', '68.75', 4, 6, '96.77'),
(318, 'ARYTZA A LA ANTIGUA', '68.75', 4, 6, '89.38'),
(319, 'ARYTZA CLASICA', '68.75', 4, 6, '89.38'),
(320, 'MERMELADA CHANTAINE', '132.71', 4, 6, '89.38'),
(321, 'MERMELADA ST DALFOUR', '135.17', 4, 6, '89.38'),
(322, 'MERMELADA MACKAYS', '132.95', 4, 6, '89.38'),
(323, 'CHANTAINE MANZANA Y ARANDANOS', '83.19', 4, 6, '172.52'),
(324, 'CHANTAINE MANZANA Y FRAMBRUEZA', '83.19', 4, 6, '175.72'),
(325, 'CHANTAINE REMOLACHA Y KUMEL', '72.79', 4, 6, '172.84'),
(326, 'GALLETITAS OLITAS UNITARIO', '3.30', 4, 6, '108.15'),
(327, 'MANI MINGO FRITO', '45.12', 4, 6, '108.15'),
(328, 'PAPAS FRITAS 5 HISPANOS X 120 AME', '25.43', 4, 6, '94.63'),
(329, 'PAPAS FRITAS 5 HISPANOS X 300 TI', '57.42', 4, 6, '4.29'),
(330, 'PAPAS TRADICIONALES X 120 GRS', '25.43', 4, 6, '58.66'),
(331, 'PAPAS FRITAS CHEDDAR 5 HISPANOX 350', '66.42', 4, 6, '33.06'),
(332, 'PALITOS MIKRIZ', '66.69', 4, 6, '74.65'),
(333, 'PALITOS 5 HISPANOS X 800 GRAMOS', '100.89', 4, 6, '33.06'),
(334, 'BATATAS RUSTICAS X 90 ALIVA', '29.54', 4, 6, '86.35'),
(335, 'PAPAS RURALES ALWA', '24.61', 4, 6, '86.70'),
(336, 'MANI MINGO JAPONEZ', '77.11', 4, 11, '131.16'),
(337, 'NACHOS X 250', '42.11', 4, 6, '38.40'),
(338, 'CHANTAINE MANZANA', '76.19', 4, 6, '31.99'),
(339, 'CHANTAINE ENELDO', '98.48', 4, 6, '100.24'),
(340, 'CHOCOLATE BARRA SUICE MILK', '83.85', 4, 6, '54.74'),
(341, 'PRINGLES', '65.51', 4, 6, '99.05'),
(342, 'AGUA GOTA 1000CC', '68.64', 4, 6, '128.02'),
(343, 'AGUA GOTA 500CC', '42.24', 4, 6, '109.01'),
(344, 'ALFAJOR MALBEC', '30.00', 4, 6, '85.16'),
(345, 'TRUFAS', '103.81', 4, 6, '89.23'),
(346, 'PULPAS MARACUYA', '101.56', 4, 6, '54.91'),
(347, 'PULPAS ANANA', '56.25', 4, 6, '39.00'),
(348, 'PULPAS FRUTILLA', '56.25', 4, 6, '134.95'),
(349, 'PATAGONIA WEISE LATA 473 CC', '54.44', 4, 98, '126.95'),
(350, 'PATAGONIA OCTOBER LATA 473 CC', '54.44', 4, 1, '703.13'),
(351, 'HEINEKEN 355CC', '497.84', 4, 45, '703.13'),
(352, 'ANDES SABORES 473CC', '223.38', 4, 9, '279.23'),
(353, 'CAJON BRAHMA', '554.00', 4, 8, '692.50'),
(354, 'BRAHMA LATA 473CC', '630.00', 1, 19, '787.50'),
(355, 'PATAGONIA 710CC SABORES', '78.33', 1, 141, '979.13'),
(356, 'PATAGONIA AMBER LAGER 473CC X 6', '1213.00', 1, 5, '1516.25'),
(357, 'PATAGONIA 24.7 LATA 473CC', '1213.27', 1, 5, '15.17'),
(358, 'ISENBECK 473CC X 6', '400.00', 1, 54, '500.00'),
(359, 'GROLSCH 473 CC X 6', '730.00', 1, 9, '912.50'),
(360, 'CAJON GROLSCH', '550.00', 1, 9, '687.50'),
(361, 'CORONA 355 X 24', '950.00', 1, 3, '1187.50'),
(362, 'STELLA ARTOIR 355CC LATA SIX PACK', '755.56', 1, 11, '944.45'),
(363, 'CORONA 710 X 1', '947.60', 1, 22, '1184.50'),
(364, 'IMPERIAL STOUT X 24', '719.56', 1, 5, '899.45'),
(365, 'IMPERIAL IPA PORRON 500CC', '652.80', 1, 10, '816.00'),
(366, 'IMPERIAL LAGER PORRON 500CC', '561.36', 1, 11, '701.70'),
(367, 'IMPERIAL AMBER PORRON 500CC', '54.70', 1, 53, '68.38'),
(368, 'SOL PORRON 330 CC', '978.16', 1, 6, '1222.70'),
(369, 'SOL 710CC', '891.00', 1, 9, '1113.75'),
(370, 'SOL 473CC X 24', '1051.52', 1, 2, '1314.40'),
(371, 'IMPERIAL WEISSE PORRON 500CC', '54.70', 1, 20, '68.38'),
(372, 'IMPERIAL STOUT PORRON 500CC', '54.70', 1, 5, '68.38'),
(373, 'IMPERIAL 473CC IPA X6', '822.03', 1, 7, '10.28'),
(374, 'IMPERIAL RUBIA X 24', '550.62', 1, 12, '688.28'),
(375, 'SNEIRDER 473CC X 6', '560.00', 1, 28, '700.00'),
(376, 'MILLER', '608.80', 1, 1, '761.00'),
(377, 'STELLA NOIR 355 LATA SIX PACK', '188.89', 1, 1, '2.36'),
(378, 'WARSTEIRNER X 24', '700.00', 1, 4, '875.00'),
(379, 'HEINEKEN X 6 PORRON', '627.00', 1, 28, '783.75'),
(380, 'PORRON BUDWEISER X 12 NACIONAL', '250.00', 1, 10, '312.50'),
(381, 'BUDWEISER X 24', '620.00', 1, 20, '775.00'),
(382, 'QUILMES STOUT X 24', '188.88', 1, 5, '236.10'),
(383, 'QUILMES CLASICA UNIDADES', '640.00', 1, 41, '800.00'),
(384, 'QUILMES 1890', '177.96', 1, 4, '222.45'),
(385, 'STELLA 473 CC X 24', '720.00', 1, 28, '900.00'),
(386, 'STELLA ARTOIR 330CC PORRON 330 CC', '720.00', 1, 10, '900.00'),
(387, 'HEINEKEN LATA 473CC', '780.00', 1, 37, '975.00'),
(388, 'HEINEKEN N/R X 1', '75.00', 1, 4, '93.75'),
(389, 'GROLSCH N/R X 6', '290.00', 1, 40, '362.50'),
(390, 'ISENBECK DESCARTABLE X 6', '220.00', 1, 10, '275.00'),
(391, 'LATA SNEIRDER 710', '147.33', 1, 1, '1.84'),
(3103, '', '0.00', 0, 0, '0.00'),
(3104, '', '0.00', 0, 0, '49.52'),
(3105, '', '0.00', 0, 0, '63.05'),
(3106, '', '0.00', 0, 0, '88.43'),
(3107, '', '0.00', 0, 0, '88.43'),
(3108, '', '0.00', 0, 0, '56.84'),
(3109, '', '0.00', 0, 0, '45.50'),
(3110, '', '0.00', 0, 0, '97.40'),
(3111, '', '0.00', 0, 0, '107.67'),
(3112, '', '0.00', 0, 0, '26.00'),
(3113, '', '0.00', 0, 0, '60.00'),
(3114, '', '0.00', 0, 0, '69.47'),
(3115, '', '0.00', 0, 0, '85.25'),
(3116, '', '0.00', 0, 0, '162.54'),
(3117, '', '0.00', 0, 0, '73.79'),
(3118, '', '0.00', 0, 0, '73.79'),
(3119, '', '0.00', 0, 0, '73.79'),
(3120, '', '0.00', 0, 0, '73.79'),
(3121, '', '0.00', 0, 0, '73.79'),
(3122, '', '0.00', 0, 0, '73.79'),
(3123, '', '0.00', 0, 0, '73.79'),
(3124, '', '0.00', 0, 0, '73.79'),
(3125, '', '0.00', 0, 0, '358.75'),
(3126, '', '0.00', 0, 0, '115.47'),
(3127, '', '0.00', 0, 0, '99.37'),
(3128, '', '0.00', 0, 0, '56.36'),
(3129, '', '0.00', 0, 0, '56.36'),
(3130, '', '0.00', 0, 0, '56.36'),
(3131, '', '0.00', 0, 0, '56.36'),
(3132, '', '0.00', 0, 0, '56.36'),
(3133, '', '0.00', 0, 0, '56.36'),
(3134, '', '0.00', 0, 0, '56.36'),
(3135, '', '0.00', 0, 0, '56.36'),
(3136, '', '0.00', 0, 0, '56.36'),
(3137, '', '0.00', 0, 0, '65.00'),
(3138, '', '0.00', 0, 0, '88.86'),
(3139, '', '0.00', 0, 0, '88.86'),
(3140, '', '0.00', 0, 0, '88.86'),
(3141, '', '0.00', 0, 0, '88.86'),
(3142, '', '0.00', 0, 0, '88.86'),
(3143, '', '0.00', 0, 0, '88.86'),
(3144, '', '0.00', 0, 0, '88.86'),
(3145, '', '0.00', 0, 0, '88.86'),
(3146, '', '0.00', 0, 0, '88.86'),
(3147, '', '0.00', 0, 0, '101.89'),
(3148, '', '0.00', 0, 0, '101.89'),
(3149, '', '0.00', 0, 0, '101.89'),
(3150, '', '0.00', 0, 0, '101.89'),
(3151, '', '0.00', 0, 0, '101.89'),
(3152, '', '0.00', 0, 0, '101.89'),
(3153, '', '0.00', 0, 0, '101.89'),
(3154, '', '0.00', 0, 0, '101.89'),
(3155, '', '0.00', 0, 0, '113.01'),
(3156, '', '0.00', 0, 0, '117.59'),
(3157, '', '0.00', 0, 0, '68.28'),
(3158, '', '0.00', 0, 0, '87.61'),
(3159, '', '0.00', 0, 0, '59.97'),
(3160, '', '0.00', 0, 0, '68.28'),
(3161, '', '0.00', 0, 0, '68.28'),
(3162, '', '0.00', 0, 0, '68.28'),
(3163, '', '0.00', 0, 0, '91.42'),
(3164, '', '0.00', 0, 0, '91.42'),
(3165, '', '0.00', 0, 0, '91.42'),
(3166, '', '0.00', 0, 0, '91.42'),
(3167, '', '0.00', 0, 0, '91.42'),
(3168, '', '0.00', 0, 0, '89.75'),
(3169, '', '0.00', 0, 0, '116.97'),
(3170, '', '0.00', 0, 0, '97.07'),
(3171, '', '0.00', 0, 0, '72.32'),
(3172, '', '0.00', 0, 0, '72.32'),
(3173, '', '0.00', 0, 0, '116.53'),
(3174, '', '0.00', 0, 0, '116.53'),
(3175, '', '0.00', 0, 0, '45.71'),
(3176, '', '0.00', 0, 0, '51.82'),
(3177, '', '0.00', 0, 0, '51.82'),
(3178, '', '0.00', 0, 0, '51.82'),
(3179, '', '0.00', 0, 0, '50.70'),
(3180, '', '0.00', 0, 0, '63.70'),
(3181, '', '0.00', 0, 0, '78.00'),
(3182, '', '0.00', 0, 0, '50.70'),
(3183, '', '0.00', 0, 0, '191.75'),
(3184, '', '0.00', 0, 0, '37.90'),
(3185, '', '0.00', 0, 0, '63.15'),
(3186, '', '0.00', 0, 0, '53.68'),
(3187, '', '0.00', 0, 0, '53.68'),
(3188, '', '0.00', 0, 0, '82.08'),
(3189, '', '0.00', 0, 0, '85.25'),
(3190, '', '0.00', 0, 0, '116.87'),
(3191, '', '0.00', 0, 0, '144.30'),
(3192, '', '0.00', 0, 0, '116.87'),
(3193, '', '0.00', 0, 0, '116.87'),
(3194, '', '0.00', 0, 0, '53.68'),
(3195, '', '0.00', 0, 0, '66.30'),
(3196, '', '0.00', 0, 0, '116.87'),
(3197, '', '0.00', 0, 0, '191.75'),
(3198, '', '0.00', 0, 0, '191.75'),
(3199, '', '0.00', 0, 0, '191.75'),
(3200, '', '0.00', 0, 0, '176.41'),
(3201, '', '0.00', 0, 0, '176.41'),
(3202, '', '0.00', 0, 0, '130.00'),
(3203, '', '0.00', 0, 0, '75.91'),
(3204, '', '0.00', 0, 0, '131.63'),
(3205, '', '0.00', 0, 0, '110.70'),
(3206, '', '0.00', 0, 0, '124.80'),
(3207, '', '0.00', 0, 0, '53.77'),
(3208, '', '0.00', 0, 0, '58.66'),
(3209, '', '0.00', 0, 0, '98.98'),
(3210, '', '0.00', 0, 0, '105.09'),
(3211, '', '0.00', 0, 0, '105.09'),
(3212, '', '0.00', 0, 0, '98.98'),
(3213, '', '0.00', 0, 0, '105.09'),
(3214, '', '0.00', 0, 0, '78.00'),
(3215, '', '0.00', 0, 0, '78.00'),
(3216, '', '0.00', 0, 0, '84.24'),
(3217, '', '0.00', 0, 0, '84.24'),
(3218, '', '0.00', 0, 0, '84.24'),
(3219, '', '0.00', 0, 0, '80.60'),
(3220, '', '0.00', 0, 0, '84.50'),
(3221, '', '0.00', 0, 0, '101.40'),
(3222, '', '0.00', 0, 0, '89.69'),
(3223, '', '0.00', 0, 0, '124.80'),
(3224, '', '0.00', 0, 0, '40.63'),
(3225, '', '0.00', 0, 0, '139.05'),
(3226, '', '0.00', 0, 0, '99.71'),
(3227, '', '0.00', 0, 0, '99.71'),
(3228, '', '0.00', 0, 0, '99.71'),
(3229, '', '0.00', 0, 0, '99.71'),
(3230, '', '0.00', 0, 0, '94.73'),
(3231, '', '0.00', 0, 0, '72.80'),
(3232, '', '0.00', 0, 0, '87.36'),
(3233, '', '0.00', 0, 0, '1690.00'),
(3234, '', '0.00', 0, 0, '94.73'),
(3235, '', '0.00', 0, 0, '116.97'),
(3236, '', '0.00', 0, 0, '116.97'),
(3237, '', '0.00', 0, 0, '94.73'),
(3238, '', '0.00', 0, 0, '94.73'),
(3239, '', '0.00', 0, 0, '99.71'),
(3240, '', '0.00', 0, 0, '60.00'),
(3241, '', '0.00', 0, 0, '60.00'),
(3242, '', '0.00', 0, 0, '60.00'),
(3243, '', '0.00', 0, 0, '50.00'),
(3244, '', '0.00', 0, 0, '50.00'),
(3245, '', '0.00', 0, 0, '69.99'),
(3246, '', '0.00', 0, 0, '60.01'),
(3247, '', '0.00', 0, 0, '60.01'),
(3248, '', '0.00', 0, 0, '70.01'),
(3249, '', '0.00', 0, 0, '60.01'),
(3250, '', '0.00', 0, 0, '69.99'),
(3251, '', '0.00', 0, 0, '69.99'),
(3252, '', '0.00', 0, 0, '49.97'),
(3253, '', '0.00', 0, 0, '6.50'),
(3254, '', '0.00', 0, 0, '13.00'),
(3255, '', '0.00', 0, 0, '65.00'),
(3256, '', '0.00', 0, 0, '65.00'),
(3257, '', '0.00', 0, 0, '1.93'),
(3258, '', '0.00', 0, 0, '240.96'),
(3259, '', '0.00', 0, 0, '419.90'),
(3260, '', '0.00', 0, 0, '31.25'),
(3261, '', '0.00', 0, 0, '234.38'),
(3262, '', '0.00', 0, 0, '481.25'),
(3263, '', '0.00', 0, 0, '105.60'),
(3264, '', '0.00', 0, 0, '105.60'),
(3265, '', '0.00', 0, 0, '576.00'),
(3266, '', '0.00', 0, 0, '225.60'),
(3267, '', '0.00', 0, 0, '249.60'),
(3268, '', '0.00', 0, 0, '142.50'),
(3269, '', '0.00', 0, 0, '106.20'),
(3270, '', '0.00', 0, 0, '576.00'),
(3271, '', '0.00', 0, 0, '492.00'),
(3272, '', '0.00', 0, 0, '136.80'),
(3273, '', '0.00', 0, 0, '764.40'),
(3274, '', '0.00', 0, 0, '350.00'),
(3275, '', '0.00', 0, 0, '406.00'),
(3276, '', '0.00', 0, 0, '602.00'),
(3277, '', '0.00', 0, 0, '350.00'),
(3278, '', '0.00', 0, 0, '665.00'),
(3279, '', '0.00', 0, 0, '252.00'),
(3280, '', '0.00', 0, 0, '238.00'),
(3281, '', '0.00', 0, 0, '315.00'),
(3282, '', '0.00', 0, 0, '196.88'),
(3283, '', '0.00', 0, 0, '371.00'),
(3284, '', '0.00', 0, 0, '189.00'),
(3285, '', '0.00', 0, 0, '812.00'),
(3286, '', '0.00', 0, 0, '203.00'),
(3287, '', '0.00', 0, 0, '203.00'),
(3288, '', '0.00', 0, 0, '147.00'),
(3289, '', '0.00', 0, 0, '196.00'),
(3290, '', '0.00', 0, 0, '196.00'),
(3291, '', '0.00', 0, 0, '241.50'),
(3292, '', '0.00', 0, 0, '220.50'),
(3293, '', '0.00', 0, 0, '234.50'),
(3294, '', '0.00', 0, 0, '280.00'),
(3295, '', '0.00', 0, 0, '210.00'),
(3296, '', '0.00', 0, 0, '180.95'),
(3297, '', '0.00', 0, 0, '369.59'),
(3298, '', '0.00', 0, 0, '378.00'),
(3299, '', '0.00', 0, 0, '264.38'),
(3300, '', '0.00', 0, 0, '219.56'),
(3301, '', '0.00', 0, 0, '63.00'),
(3302, '', '0.00', 0, 0, '63.00'),
(3303, '', '0.00', 0, 0, '173.36'),
(3304, '', '0.00', 0, 0, '219.56'),
(3305, '', '0.00', 0, 0, '94.08'),
(3306, '', '0.00', 0, 0, '143.44'),
(3307, '', '0.00', 0, 0, '143.44'),
(3308, '', '0.00', 0, 0, '116.20'),
(3309, '', '0.00', 0, 0, '116.20'),
(3310, '', '0.00', 0, 0, '313.60'),
(3311, '', '0.00', 0, 0, '245.70'),
(3312, '', '0.00', 0, 0, '241.80'),
(3313, '', '0.00', 0, 0, '191.10'),
(3314, '', '0.00', 0, 0, '165.10'),
(3315, '', '0.00', 0, 0, '140.40'),
(3316, '', '0.00', 0, 0, '97.50'),
(3317, '', '0.00', 0, 0, '119.60'),
(3318, '', '0.00', 0, 0, '49.45'),
(3319, '', '0.00', 0, 0, '325.00'),
(3320, '', '0.00', 0, 0, '100.10'),
(3321, '', '0.00', 0, 0, '100.31'),
(3322, '', '0.00', 0, 0, '81.74'),
(3323, '', '0.00', 0, 0, '110.50'),
(3324, '', '0.00', 0, 0, '59.80'),
(3325, '', '0.00', 0, 0, '31.85'),
(3326, '', '0.00', 0, 0, '31.85'),
(3327, '', '0.00', 0, 0, '520.00'),
(3328, '', '0.00', 0, 0, '1014.00'),
(3329, '', '0.00', 0, 0, '1202.50'),
(3330, '', '0.00', 0, 0, '91.00'),
(3331, '', '0.00', 0, 0, '322.92'),
(3332, '', '0.00', 0, 0, '13.00'),
(3333, '', '0.00', 0, 0, '69.63'),
(3334, '', '0.00', 0, 0, '617.50'),
(3335, '', '0.00', 0, 0, '546.00'),
(3336, '', '0.00', 0, 0, '637.00'),
(3337, '', '0.00', 0, 0, '637.00'),
(3338, '', '0.00', 0, 0, '1625.00'),
(3339, '', '0.00', 0, 0, '1614.60'),
(3340, '', '0.00', 0, 0, '572.00'),
(3341, '', '0.00', 0, 0, '2990.00'),
(3342, '', '0.00', 0, 0, '292.50'),
(3343, '', '0.00', 0, 0, '1755.00'),
(3344, '', '0.00', 0, 0, '2457.00'),
(3345, '', '0.00', 0, 0, '1144.00'),
(3346, '', '0.00', 0, 0, '4680.00'),
(3347, '', '0.00', 0, 0, '1.07'),
(3348, '', '0.00', 0, 0, '1170.00'),
(3349, '', '0.00', 0, 0, '429.00'),
(3350, '', '0.00', 0, 0, '429.00'),
(3351, '', '0.00', 0, 0, '643.50'),
(3352, '', '0.00', 0, 0, '715.00'),
(3353, '', '0.00', 0, 0, '1885.00'),
(3354, '', '0.00', 0, 0, '1606.80'),
(3355, '', '0.00', 0, 0, '1300.00'),
(3356, '', '0.00', 0, 0, '1606.80'),
(3357, '', '0.00', 0, 0, '715.00'),
(3358, '', '0.00', 0, 0, '549.76'),
(3359, '', '0.00', 0, 0, '240.50'),
(3360, '', '0.00', 0, 0, '240.50'),
(3361, '', '0.00', 0, 0, '1625.00'),
(3362, '', '0.00', 0, 0, '760.50'),
(3363, '', '0.00', 0, 0, '715.00'),
(3364, '', '0.00', 0, 0, '494.00'),
(3365, '', '0.00', 0, 0, '260.00'),
(3366, '', '0.00', 0, 0, '715.00'),
(3367, '', '0.00', 0, 0, '637.00'),
(3368, '', '0.00', 0, 0, '604.50'),
(3369, '', '0.00', 0, 0, '26.00'),
(3370, '', '0.00', 0, 0, '19.50'),
(3371, '', '0.00', 0, 0, '19.50'),
(3372, '', '0.00', 0, 0, '19.50'),
(3373, '', '0.00', 0, 0, '198.25'),
(3374, '', '0.00', 0, 0, '193.56'),
(3375, '', '0.00', 0, 0, '175.50'),
(3376, '', '0.00', 0, 0, '115.80'),
(3377, '', '0.00', 0, 0, '115.80'),
(3378, '', '0.00', 0, 0, '910.00'),
(3379, '', '0.00', 0, 0, '1105.00'),
(3380, '', '0.00', 0, 0, '115.80'),
(3381, '', '0.00', 0, 0, '405.60'),
(3382, '', '0.00', 0, 0, '1508.00'),
(3383, '', '0.00', 0, 0, '286.00'),
(3384, '', '0.00', 0, 0, '363.58'),
(3385, '', '0.00', 0, 0, '299.00'),
(3386, '', '0.00', 0, 0, '13.00'),
(3387, '', '0.00', 0, 0, '224.25'),
(3388, '', '0.00', 0, 0, '380.84'),
(3389, '', '0.00', 0, 0, '224.25'),
(3390, '', '0.00', 0, 0, '224.25'),
(3391, '', '0.00', 0, 0, '380.84'),
(3392, '', '0.00', 0, 0, '224.25'),
(3393, '', '0.00', 0, 0, '121.39'),
(3394, '', '0.00', 0, 0, '66.30'),
(3395, '', '0.00', 0, 0, '55.89'),
(3396, '', '0.00', 0, 0, '55.89'),
(3397, '', '0.00', 0, 0, '55.89'),
(3398, '', '0.00', 0, 0, '19.50'),
(3399, '', '0.00', 0, 0, '78.00'),
(3400, '', '0.00', 0, 0, '61.91'),
(3401, '', '0.00', 0, 0, '61.91'),
(3402, '', '0.00', 0, 0, '61.91'),
(3403, '', '0.00', 0, 0, '45.02'),
(3404, '', '0.00', 0, 0, '145.37'),
(3405, '', '0.00', 0, 0, '131.08'),
(3406, '', '0.00', 0, 0, '80.44'),
(3407, '', '0.00', 0, 0, '159.02'),
(3408, '', '0.00', 0, 0, '159.02'),
(3409, '', '0.00', 0, 0, '26.00'),
(3410, '', '0.00', 0, 0, '77.87'),
(3411, '', '0.00', 0, 0, '139.78'),
(3412, '', '0.00', 0, 0, '67.03'),
(3413, '', '0.00', 0, 0, '84.93'),
(3414, '', '0.00', 0, 0, '125.87'),
(3415, '', '0.00', 0, 0, '125.87'),
(3416, '', '0.00', 0, 0, '107.12'),
(3417, '', '0.00', 0, 0, '107.12'),
(3418, '', '0.00', 0, 0, '107.12'),
(3419, '', '0.00', 0, 0, '118.89'),
(3420, '', '0.00', 0, 0, '96.77'),
(3421, '', '0.00', 0, 0, '89.38'),
(3422, '', '0.00', 0, 0, '89.38'),
(3423, '', '0.00', 0, 0, '89.38'),
(3424, '', '0.00', 0, 0, '89.38'),
(3425, '', '0.00', 0, 0, '89.38'),
(3426, '', '0.00', 0, 0, '172.52'),
(3427, '', '0.00', 0, 0, '175.72'),
(3428, '', '0.00', 0, 0, '172.84'),
(3429, '', '0.00', 0, 0, '108.15'),
(3430, '', '0.00', 0, 0, '108.15'),
(3431, '', '0.00', 0, 0, '94.63'),
(3432, '', '0.00', 0, 0, '4.29'),
(3433, '', '0.00', 0, 0, '58.66'),
(3434, '', '0.00', 0, 0, '33.06'),
(3435, '', '0.00', 0, 0, '74.65'),
(3436, '', '0.00', 0, 0, '33.06'),
(3437, '', '0.00', 0, 0, '86.35'),
(3438, '', '0.00', 0, 0, '86.70'),
(3439, '', '0.00', 0, 0, '131.16'),
(3440, '', '0.00', 0, 0, '38.40'),
(3441, '', '0.00', 0, 0, '31.99'),
(3442, '', '0.00', 0, 0, '100.24'),
(3443, '', '0.00', 0, 0, '54.74'),
(3444, '', '0.00', 0, 0, '99.05'),
(3445, '', '0.00', 0, 0, '128.02'),
(3446, '', '0.00', 0, 0, '109.01'),
(3447, '', '0.00', 0, 0, '85.16'),
(3448, '', '0.00', 0, 0, '89.23'),
(3449, '', '0.00', 0, 0, '54.91'),
(3450, '', '0.00', 0, 0, '39.00'),
(3451, '', '0.00', 0, 0, '134.95'),
(3452, '', '0.00', 0, 0, '126.95'),
(3453, '', '0.00', 0, 0, '703.13'),
(3454, '', '0.00', 0, 0, '703.13'),
(3455, '', '0.00', 0, 0, '279.23'),
(3456, '', '0.00', 0, 0, '692.50'),
(3457, '', '0.00', 0, 0, '787.50'),
(3458, '', '0.00', 0, 0, '979.13'),
(3459, '', '0.00', 0, 0, '1516.25'),
(3460, '', '0.00', 0, 0, '15.17'),
(3461, '', '0.00', 0, 0, '500.00'),
(3462, '', '0.00', 0, 0, '912.50'),
(3463, '', '0.00', 0, 0, '687.50'),
(3464, '', '0.00', 0, 0, '1187.50'),
(3465, '', '0.00', 0, 0, '944.45'),
(3466, '', '0.00', 0, 0, '1184.50'),
(3467, '', '0.00', 0, 0, '899.45'),
(3468, '', '0.00', 0, 0, '816.00'),
(3469, '', '0.00', 0, 0, '701.70'),
(3470, '', '0.00', 0, 0, '68.38'),
(3471, '', '0.00', 0, 0, '1222.70'),
(3472, '', '0.00', 0, 0, '1113.75'),
(3473, '', '0.00', 0, 0, '1314.40'),
(3474, '', '0.00', 0, 0, '68.38'),
(3475, '', '0.00', 0, 0, '68.38'),
(3476, '', '0.00', 0, 0, '10.28'),
(3477, '', '0.00', 0, 0, '688.28'),
(3478, '', '0.00', 0, 0, '700.00'),
(3479, '', '0.00', 0, 0, '761.00'),
(3480, '', '0.00', 0, 0, '2.36'),
(3481, '', '0.00', 0, 0, '875.00'),
(3482, '', '0.00', 0, 0, '783.75'),
(3483, '', '0.00', 0, 0, '312.50'),
(3484, '', '0.00', 0, 0, '775.00'),
(3485, '', '0.00', 0, 0, '236.10'),
(3486, '', '0.00', 0, 0, '800.00'),
(3487, '', '0.00', 0, 0, '222.45'),
(3488, '', '0.00', 0, 0, '900.00'),
(3489, '', '0.00', 0, 0, '900.00'),
(3490, '', '0.00', 0, 0, '975.00'),
(3491, '', '0.00', 0, 0, '93.75'),
(3492, '', '0.00', 0, 0, '362.50'),
(3493, '', '0.00', 0, 0, '275.00'),
(3494, '', '0.00', 0, 0, '1.84'),
(3495, '', '0.00', 0, 0, '0.00'),
(3496, '', '0.00', 0, 0, '49.52'),
(3497, '', '0.00', 0, 0, '63.05'),
(3498, '', '0.00', 0, 0, '88.43'),
(3499, '', '0.00', 0, 0, '88.43'),
(3500, '', '0.00', 0, 0, '56.84'),
(3501, '', '0.00', 0, 0, '45.50'),
(3502, '', '0.00', 0, 0, '97.40'),
(3503, '', '0.00', 0, 0, '107.67'),
(3504, '', '0.00', 0, 0, '26.00'),
(3505, '', '0.00', 0, 0, '60.00'),
(3506, '', '0.00', 0, 0, '69.47'),
(3507, '', '0.00', 0, 0, '85.25'),
(3508, '', '0.00', 0, 0, '162.54'),
(3509, '', '0.00', 0, 0, '73.79'),
(3510, '', '0.00', 0, 0, '73.79'),
(3511, '', '0.00', 0, 0, '73.79'),
(3512, '', '0.00', 0, 0, '73.79'),
(3513, '', '0.00', 0, 0, '73.79'),
(3514, '', '0.00', 0, 0, '73.79'),
(3515, '', '0.00', 0, 0, '73.79'),
(3516, '', '0.00', 0, 0, '73.79'),
(3517, '', '0.00', 0, 0, '358.75'),
(3518, '', '0.00', 0, 0, '115.47'),
(3519, '', '0.00', 0, 0, '99.37'),
(3520, '', '0.00', 0, 0, '56.36'),
(3521, '', '0.00', 0, 0, '56.36'),
(3522, '', '0.00', 0, 0, '56.36'),
(3523, '', '0.00', 0, 0, '56.36'),
(3524, '', '0.00', 0, 0, '56.36'),
(3525, '', '0.00', 0, 0, '56.36'),
(3526, '', '0.00', 0, 0, '56.36'),
(3527, '', '0.00', 0, 0, '56.36'),
(3528, '', '0.00', 0, 0, '56.36'),
(3529, '', '0.00', 0, 0, '65.00'),
(3530, '', '0.00', 0, 0, '88.86'),
(3531, '', '0.00', 0, 0, '88.86'),
(3532, '', '0.00', 0, 0, '88.86'),
(3533, '', '0.00', 0, 0, '88.86'),
(3534, '', '0.00', 0, 0, '88.86'),
(3535, '', '0.00', 0, 0, '88.86'),
(3536, '', '0.00', 0, 0, '88.86'),
(3537, '', '0.00', 0, 0, '88.86'),
(3538, '', '0.00', 0, 0, '88.86'),
(3539, '', '0.00', 0, 0, '101.89'),
(3540, '', '0.00', 0, 0, '101.89'),
(3541, '', '0.00', 0, 0, '101.89'),
(3542, '', '0.00', 0, 0, '101.89'),
(3543, '', '0.00', 0, 0, '101.89'),
(3544, '', '0.00', 0, 0, '101.89'),
(3545, '', '0.00', 0, 0, '101.89'),
(3546, '', '0.00', 0, 0, '101.89'),
(3547, '', '0.00', 0, 0, '113.01'),
(3548, '', '0.00', 0, 0, '117.59'),
(3549, '', '0.00', 0, 0, '68.28'),
(3550, '', '0.00', 0, 0, '87.61'),
(3551, '', '0.00', 0, 0, '59.97'),
(3552, '', '0.00', 0, 0, '68.28'),
(3553, '', '0.00', 0, 0, '68.28'),
(3554, '', '0.00', 0, 0, '68.28'),
(3555, '', '0.00', 0, 0, '91.42'),
(3556, '', '0.00', 0, 0, '91.42'),
(3557, '', '0.00', 0, 0, '91.42'),
(3558, '', '0.00', 0, 0, '91.42'),
(3559, '', '0.00', 0, 0, '91.42'),
(3560, '', '0.00', 0, 0, '89.75'),
(3561, '', '0.00', 0, 0, '116.97'),
(3562, '', '0.00', 0, 0, '97.07'),
(3563, '', '0.00', 0, 0, '72.32'),
(3564, '', '0.00', 0, 0, '72.32'),
(3565, '', '0.00', 0, 0, '116.53'),
(3566, '', '0.00', 0, 0, '116.53'),
(3567, '', '0.00', 0, 0, '45.71'),
(3568, '', '0.00', 0, 0, '51.82'),
(3569, '', '0.00', 0, 0, '51.82'),
(3570, '', '0.00', 0, 0, '51.82'),
(3571, '', '0.00', 0, 0, '50.70'),
(3572, '', '0.00', 0, 0, '63.70'),
(3573, '', '0.00', 0, 0, '78.00'),
(3574, '', '0.00', 0, 0, '50.70'),
(3575, '', '0.00', 0, 0, '191.75'),
(3576, '', '0.00', 0, 0, '37.90'),
(3577, '', '0.00', 0, 0, '63.15'),
(3578, '', '0.00', 0, 0, '53.68'),
(3579, '', '0.00', 0, 0, '53.68'),
(3580, '', '0.00', 0, 0, '82.08'),
(3581, '', '0.00', 0, 0, '85.25'),
(3582, '', '0.00', 0, 0, '116.87'),
(3583, '', '0.00', 0, 0, '144.30'),
(3584, '', '0.00', 0, 0, '116.87'),
(3585, '', '0.00', 0, 0, '116.87'),
(3586, '', '0.00', 0, 0, '53.68'),
(3587, '', '0.00', 0, 0, '66.30'),
(3588, '', '0.00', 0, 0, '116.87'),
(3589, '', '0.00', 0, 0, '191.75'),
(3590, '', '0.00', 0, 0, '191.75'),
(3591, '', '0.00', 0, 0, '191.75'),
(3592, '', '0.00', 0, 0, '176.41'),
(3593, '', '0.00', 0, 0, '176.41'),
(3594, '', '0.00', 0, 0, '130.00'),
(3595, '', '0.00', 0, 0, '75.91'),
(3596, '', '0.00', 0, 0, '131.63'),
(3597, '', '0.00', 0, 0, '110.70'),
(3598, '', '0.00', 0, 0, '124.80'),
(3599, '', '0.00', 0, 0, '53.77'),
(3600, '', '0.00', 0, 0, '58.66'),
(3601, '', '0.00', 0, 0, '98.98'),
(3602, '', '0.00', 0, 0, '105.09'),
(3603, '', '0.00', 0, 0, '105.09'),
(3604, '', '0.00', 0, 0, '98.98'),
(3605, '', '0.00', 0, 0, '105.09'),
(3606, '', '0.00', 0, 0, '78.00'),
(3607, '', '0.00', 0, 0, '78.00'),
(3608, '', '0.00', 0, 0, '84.24'),
(3609, '', '0.00', 0, 0, '84.24'),
(3610, '', '0.00', 0, 0, '84.24'),
(3611, '', '0.00', 0, 0, '80.60'),
(3612, '', '0.00', 0, 0, '84.50'),
(3613, '', '0.00', 0, 0, '101.40'),
(3614, '', '0.00', 0, 0, '89.69'),
(3615, '', '0.00', 0, 0, '124.80'),
(3616, '', '0.00', 0, 0, '40.63'),
(3617, '', '0.00', 0, 0, '139.05'),
(3618, '', '0.00', 0, 0, '99.71'),
(3619, '', '0.00', 0, 0, '99.71'),
(3620, '', '0.00', 0, 0, '99.71'),
(3621, '', '0.00', 0, 0, '99.71'),
(3622, '', '0.00', 0, 0, '94.73'),
(3623, '', '0.00', 0, 0, '72.80'),
(3624, '', '0.00', 0, 0, '87.36'),
(3625, '', '0.00', 0, 0, '1690.00'),
(3626, '', '0.00', 0, 0, '94.73'),
(3627, '', '0.00', 0, 0, '116.97'),
(3628, '', '0.00', 0, 0, '116.97'),
(3629, '', '0.00', 0, 0, '94.73'),
(3630, '', '0.00', 0, 0, '94.73'),
(3631, '', '0.00', 0, 0, '99.71'),
(3632, '', '0.00', 0, 0, '60.00'),
(3633, '', '0.00', 0, 0, '60.00'),
(3634, '', '0.00', 0, 0, '60.00'),
(3635, '', '0.00', 0, 0, '50.00'),
(3636, '', '0.00', 0, 0, '50.00'),
(3637, '', '0.00', 0, 0, '69.99'),
(3638, '', '0.00', 0, 0, '60.01'),
(3639, '', '0.00', 0, 0, '60.01'),
(3640, '', '0.00', 0, 0, '70.01'),
(3641, '', '0.00', 0, 0, '60.01'),
(3642, '', '0.00', 0, 0, '69.99'),
(3643, '', '0.00', 0, 0, '69.99'),
(3644, '', '0.00', 0, 0, '49.97'),
(3645, '', '0.00', 0, 0, '6.50'),
(3646, '', '0.00', 0, 0, '13.00'),
(3647, '', '0.00', 0, 0, '65.00'),
(3648, '', '0.00', 0, 0, '65.00'),
(3649, '', '0.00', 0, 0, '1.93'),
(3650, '', '0.00', 0, 0, '240.96'),
(3651, '', '0.00', 0, 0, '419.90'),
(3652, '', '0.00', 0, 0, '31.25'),
(3653, '', '0.00', 0, 0, '234.38'),
(3654, '', '0.00', 0, 0, '481.25'),
(3655, '', '0.00', 0, 0, '105.60'),
(3656, '', '0.00', 0, 0, '105.60'),
(3657, '', '0.00', 0, 0, '576.00'),
(3658, '', '0.00', 0, 0, '225.60'),
(3659, '', '0.00', 0, 0, '249.60'),
(3660, '', '0.00', 0, 0, '142.50'),
(3661, '', '0.00', 0, 0, '106.20'),
(3662, '', '0.00', 0, 0, '576.00'),
(3663, '', '0.00', 0, 0, '492.00'),
(3664, '', '0.00', 0, 0, '136.80'),
(3665, '', '0.00', 0, 0, '764.40'),
(3666, '', '0.00', 0, 0, '350.00'),
(3667, '', '0.00', 0, 0, '406.00'),
(3668, '', '0.00', 0, 0, '602.00'),
(3669, '', '0.00', 0, 0, '350.00'),
(3670, '', '0.00', 0, 0, '665.00'),
(3671, '', '0.00', 0, 0, '252.00'),
(3672, '', '0.00', 0, 0, '238.00'),
(3673, '', '0.00', 0, 0, '315.00'),
(3674, '', '0.00', 0, 0, '196.88'),
(3675, '', '0.00', 0, 0, '371.00'),
(3676, '', '0.00', 0, 0, '189.00'),
(3677, '', '0.00', 0, 0, '812.00'),
(3678, '', '0.00', 0, 0, '203.00'),
(3679, '', '0.00', 0, 0, '203.00'),
(3680, '', '0.00', 0, 0, '147.00'),
(3681, '', '0.00', 0, 0, '196.00'),
(3682, '', '0.00', 0, 0, '196.00'),
(3683, '', '0.00', 0, 0, '241.50'),
(3684, '', '0.00', 0, 0, '220.50'),
(3685, '', '0.00', 0, 0, '234.50'),
(3686, '', '0.00', 0, 0, '280.00'),
(3687, '', '0.00', 0, 0, '210.00'),
(3688, '', '0.00', 0, 0, '180.95'),
(3689, '', '0.00', 0, 0, '369.59'),
(3690, '', '0.00', 0, 0, '378.00'),
(3691, '', '0.00', 0, 0, '264.38'),
(3692, '', '0.00', 0, 0, '219.56'),
(3693, '', '0.00', 0, 0, '63.00'),
(3694, '', '0.00', 0, 0, '63.00'),
(3695, '', '0.00', 0, 0, '173.36'),
(3696, '', '0.00', 0, 0, '219.56'),
(3697, '', '0.00', 0, 0, '94.08'),
(3698, '', '0.00', 0, 0, '143.44'),
(3699, '', '0.00', 0, 0, '143.44'),
(3700, '', '0.00', 0, 0, '116.20'),
(3701, '', '0.00', 0, 0, '116.20'),
(3702, '', '0.00', 0, 0, '313.60'),
(3703, '', '0.00', 0, 0, '245.70'),
(3704, '', '0.00', 0, 0, '241.80'),
(3705, '', '0.00', 0, 0, '191.10'),
(3706, '', '0.00', 0, 0, '165.10'),
(3707, '', '0.00', 0, 0, '140.40'),
(3708, '', '0.00', 0, 0, '97.50'),
(3709, '', '0.00', 0, 0, '119.60'),
(3710, '', '0.00', 0, 0, '49.45'),
(3711, '', '0.00', 0, 0, '325.00'),
(3712, '', '0.00', 0, 0, '100.10'),
(3713, '', '0.00', 0, 0, '100.31'),
(3714, '', '0.00', 0, 0, '81.74'),
(3715, '', '0.00', 0, 0, '110.50'),
(3716, '', '0.00', 0, 0, '59.80'),
(3717, '', '0.00', 0, 0, '31.85'),
(3718, '', '0.00', 0, 0, '31.85'),
(3719, '', '0.00', 0, 0, '520.00'),
(3720, '', '0.00', 0, 0, '1014.00'),
(3721, '', '0.00', 0, 0, '1202.50'),
(3722, '', '0.00', 0, 0, '91.00'),
(3723, '', '0.00', 0, 0, '322.92'),
(3724, '', '0.00', 0, 0, '13.00'),
(3725, '', '0.00', 0, 0, '69.63'),
(3726, '', '0.00', 0, 0, '617.50'),
(3727, '', '0.00', 0, 0, '546.00'),
(3728, '', '0.00', 0, 0, '637.00'),
(3729, '', '0.00', 0, 0, '637.00'),
(3730, '', '0.00', 0, 0, '1625.00'),
(3731, '', '0.00', 0, 0, '1614.60'),
(3732, '', '0.00', 0, 0, '572.00'),
(3733, '', '0.00', 0, 0, '2990.00'),
(3734, '', '0.00', 0, 0, '292.50'),
(3735, '', '0.00', 0, 0, '1755.00'),
(3736, '', '0.00', 0, 0, '2457.00'),
(3737, '', '0.00', 0, 0, '1144.00'),
(3738, '', '0.00', 0, 0, '4680.00'),
(3739, '', '0.00', 0, 0, '1.07'),
(3740, '', '0.00', 0, 0, '1170.00'),
(3741, '', '0.00', 0, 0, '429.00'),
(3742, '', '0.00', 0, 0, '429.00'),
(3743, '', '0.00', 0, 0, '643.50'),
(3744, '', '0.00', 0, 0, '715.00'),
(3745, '', '0.00', 0, 0, '1885.00'),
(3746, '', '0.00', 0, 0, '1606.80'),
(3747, '', '0.00', 0, 0, '1300.00'),
(3748, '', '0.00', 0, 0, '1606.80'),
(3749, '', '0.00', 0, 0, '715.00'),
(3750, '', '0.00', 0, 0, '549.76'),
(3751, '', '0.00', 0, 0, '240.50'),
(3752, '', '0.00', 0, 0, '240.50'),
(3753, '', '0.00', 0, 0, '1625.00'),
(3754, '', '0.00', 0, 0, '760.50'),
(3755, '', '0.00', 0, 0, '715.00'),
(3756, '', '0.00', 0, 0, '494.00'),
(3757, '', '0.00', 0, 0, '260.00'),
(3758, '', '0.00', 0, 0, '715.00'),
(3759, '', '0.00', 0, 0, '637.00'),
(3760, '', '0.00', 0, 0, '604.50'),
(3761, '', '0.00', 0, 0, '26.00'),
(3762, '', '0.00', 0, 0, '19.50'),
(3763, '', '0.00', 0, 0, '19.50'),
(3764, '', '0.00', 0, 0, '19.50'),
(3765, '', '0.00', 0, 0, '198.25'),
(3766, '', '0.00', 0, 0, '193.56'),
(3767, '', '0.00', 0, 0, '175.50'),
(3768, '', '0.00', 0, 0, '115.80'),
(3769, '', '0.00', 0, 0, '115.80'),
(3770, '', '0.00', 0, 0, '910.00'),
(3771, '', '0.00', 0, 0, '1105.00'),
(3772, '', '0.00', 0, 0, '115.80'),
(3773, '', '0.00', 0, 0, '405.60'),
(3774, '', '0.00', 0, 0, '1508.00'),
(3775, '', '0.00', 0, 0, '286.00'),
(3776, '', '0.00', 0, 0, '363.58'),
(3777, '', '0.00', 0, 0, '299.00'),
(3778, '', '0.00', 0, 0, '13.00'),
(3779, '', '0.00', 0, 0, '224.25'),
(3780, '', '0.00', 0, 0, '380.84'),
(3781, '', '0.00', 0, 0, '224.25'),
(3782, '', '0.00', 0, 0, '224.25'),
(3783, '', '0.00', 0, 0, '380.84'),
(3784, '', '0.00', 0, 0, '224.25'),
(3785, '', '0.00', 0, 0, '121.39'),
(3786, '', '0.00', 0, 0, '66.30'),
(3787, '', '0.00', 0, 0, '55.89'),
(3788, '', '0.00', 0, 0, '55.89'),
(3789, '', '0.00', 0, 0, '55.89'),
(3790, '', '0.00', 0, 0, '19.50'),
(3791, '', '0.00', 0, 0, '78.00'),
(3792, '', '0.00', 0, 0, '61.91'),
(3793, '', '0.00', 0, 0, '61.91'),
(3794, '', '0.00', 0, 0, '61.91'),
(3795, '', '0.00', 0, 0, '45.02'),
(3796, '', '0.00', 0, 0, '145.37'),
(3797, '', '0.00', 0, 0, '131.08'),
(3798, '', '0.00', 0, 0, '80.44'),
(3799, '', '0.00', 0, 0, '159.02'),
(3800, '', '0.00', 0, 0, '159.02'),
(3801, '', '0.00', 0, 0, '26.00'),
(3802, '', '0.00', 0, 0, '77.87'),
(3803, '', '0.00', 0, 0, '139.78'),
(3804, '', '0.00', 0, 0, '67.03'),
(3805, '', '0.00', 0, 0, '84.93'),
(3806, '', '0.00', 0, 0, '125.87'),
(3807, '', '0.00', 0, 0, '125.87'),
(3808, '', '0.00', 0, 0, '107.12'),
(3809, '', '0.00', 0, 0, '107.12'),
(3810, '', '0.00', 0, 0, '107.12'),
(3811, '', '0.00', 0, 0, '118.89'),
(3812, '', '0.00', 0, 0, '96.77'),
(3813, '', '0.00', 0, 0, '89.38'),
(3814, '', '0.00', 0, 0, '89.38'),
(3815, '', '0.00', 0, 0, '89.38'),
(3816, '', '0.00', 0, 0, '89.38'),
(3817, '', '0.00', 0, 0, '89.38'),
(3818, '', '0.00', 0, 0, '172.52'),
(3819, '', '0.00', 0, 0, '175.72'),
(3820, '', '0.00', 0, 0, '172.84'),
(3821, '', '0.00', 0, 0, '108.15'),
(3822, '', '0.00', 0, 0, '108.15'),
(3823, '', '0.00', 0, 0, '94.63'),
(3824, '', '0.00', 0, 0, '4.29'),
(3825, '', '0.00', 0, 0, '58.66'),
(3826, '', '0.00', 0, 0, '33.06'),
(3827, '', '0.00', 0, 0, '74.65'),
(3828, '', '0.00', 0, 0, '33.06'),
(3829, '', '0.00', 0, 0, '86.35'),
(3830, '', '0.00', 0, 0, '86.70'),
(3831, '', '0.00', 0, 0, '131.16'),
(3832, '', '0.00', 0, 0, '38.40'),
(3833, '', '0.00', 0, 0, '31.99'),
(3834, '', '0.00', 0, 0, '100.24'),
(3835, '', '0.00', 0, 0, '54.74'),
(3836, '', '0.00', 0, 0, '99.05'),
(3837, '', '0.00', 0, 0, '128.02'),
(3838, '', '0.00', 0, 0, '109.01'),
(3839, '', '0.00', 0, 0, '85.16'),
(3840, '', '0.00', 0, 0, '89.23'),
(3841, '', '0.00', 0, 0, '54.91'),
(3842, '', '0.00', 0, 0, '39.00'),
(3843, '', '0.00', 0, 0, '134.95'),
(3844, '', '0.00', 0, 0, '126.95'),
(3845, '', '0.00', 0, 0, '703.13'),
(3846, '', '0.00', 0, 0, '703.13'),
(3847, '', '0.00', 0, 0, '279.23'),
(3848, '', '0.00', 0, 0, '692.50'),
(3849, '', '0.00', 0, 0, '787.50'),
(3850, '', '0.00', 0, 0, '979.13'),
(3851, '', '0.00', 0, 0, '1516.25'),
(3852, '', '0.00', 0, 0, '15.17'),
(3853, '', '0.00', 0, 0, '500.00'),
(3854, '', '0.00', 0, 0, '912.50'),
(3855, '', '0.00', 0, 0, '687.50'),
(3856, '', '0.00', 0, 0, '1187.50'),
(3857, '', '0.00', 0, 0, '944.45'),
(3858, '', '0.00', 0, 0, '1184.50'),
(3859, '', '0.00', 0, 0, '899.45'),
(3860, '', '0.00', 0, 0, '816.00'),
(3861, '', '0.00', 0, 0, '701.70'),
(3862, '', '0.00', 0, 0, '68.38'),
(3863, '', '0.00', 0, 0, '1222.70'),
(3864, '', '0.00', 0, 0, '1113.75'),
(3865, '', '0.00', 0, 0, '1314.40'),
(3866, '', '0.00', 0, 0, '68.38'),
(3867, '', '0.00', 0, 0, '68.38'),
(3868, '', '0.00', 0, 0, '10.28'),
(3869, '', '0.00', 0, 0, '688.28'),
(3870, '', '0.00', 0, 0, '700.00'),
(3871, '', '0.00', 0, 0, '761.00'),
(3872, '', '0.00', 0, 0, '2.36'),
(3873, '', '0.00', 0, 0, '875.00'),
(3874, '', '0.00', 0, 0, '783.75'),
(3875, '', '0.00', 0, 0, '312.50'),
(3876, '', '0.00', 0, 0, '775.00'),
(3877, '', '0.00', 0, 0, '236.10'),
(3878, '', '0.00', 0, 0, '800.00'),
(3879, '', '0.00', 0, 0, '222.45'),
(3880, '', '0.00', 0, 0, '900.00'),
(3881, '', '0.00', 0, 0, '900.00'),
(3882, '', '0.00', 0, 0, '975.00'),
(3883, '', '0.00', 0, 0, '93.75'),
(3884, '', '0.00', 0, 0, '362.50'),
(3885, '', '0.00', 0, 0, '275.00'),
(3886, '', '0.00', 0, 0, '1.84'),
(3887, '', '0.00', 0, 0, '0.00'),
(3888, '', '0.00', 0, 0, '49.52'),
(3889, '', '0.00', 0, 0, '63.05'),
(3890, '', '0.00', 0, 0, '88.43'),
(3891, '', '0.00', 0, 0, '88.43'),
(3892, '', '0.00', 0, 0, '56.84'),
(3893, '', '0.00', 0, 0, '45.50'),
(3894, '', '0.00', 0, 0, '97.40'),
(3895, '', '0.00', 0, 0, '107.67'),
(3896, '', '0.00', 0, 0, '26.00'),
(3897, '', '0.00', 0, 0, '60.00'),
(3898, '', '0.00', 0, 0, '69.47'),
(3899, '', '0.00', 0, 0, '85.25'),
(3900, '', '0.00', 0, 0, '162.54'),
(3901, '', '0.00', 0, 0, '73.79'),
(3902, '', '0.00', 0, 0, '73.79'),
(3903, '', '0.00', 0, 0, '73.79'),
(3904, '', '0.00', 0, 0, '73.79'),
(3905, '', '0.00', 0, 0, '73.79'),
(3906, '', '0.00', 0, 0, '73.79'),
(3907, '', '0.00', 0, 0, '73.79'),
(3908, '', '0.00', 0, 0, '73.79'),
(3909, '', '0.00', 0, 0, '358.75'),
(3910, '', '0.00', 0, 0, '115.47'),
(3911, '', '0.00', 0, 0, '99.37'),
(3912, '', '0.00', 0, 0, '56.36'),
(3913, '', '0.00', 0, 0, '56.36'),
(3914, '', '0.00', 0, 0, '56.36'),
(3915, '', '0.00', 0, 0, '56.36'),
(3916, '', '0.00', 0, 0, '56.36'),
(3917, '', '0.00', 0, 0, '56.36'),
(3918, '', '0.00', 0, 0, '56.36'),
(3919, '', '0.00', 0, 0, '56.36'),
(3920, '', '0.00', 0, 0, '56.36'),
(3921, '', '0.00', 0, 0, '65.00'),
(3922, '', '0.00', 0, 0, '88.86'),
(3923, '', '0.00', 0, 0, '88.86'),
(3924, '', '0.00', 0, 0, '88.86'),
(3925, '', '0.00', 0, 0, '88.86'),
(3926, '', '0.00', 0, 0, '88.86'),
(3927, '', '0.00', 0, 0, '88.86'),
(3928, '', '0.00', 0, 0, '88.86'),
(3929, '', '0.00', 0, 0, '88.86'),
(3930, '', '0.00', 0, 0, '88.86'),
(3931, '', '0.00', 0, 0, '101.89'),
(3932, '', '0.00', 0, 0, '101.89'),
(3933, '', '0.00', 0, 0, '101.89'),
(3934, '', '0.00', 0, 0, '101.89'),
(3935, '', '0.00', 0, 0, '101.89'),
(3936, '', '0.00', 0, 0, '101.89'),
(3937, '', '0.00', 0, 0, '101.89'),
(3938, '', '0.00', 0, 0, '101.89'),
(3939, '', '0.00', 0, 0, '113.01'),
(3940, '', '0.00', 0, 0, '117.59'),
(3941, '', '0.00', 0, 0, '68.28'),
(3942, '', '0.00', 0, 0, '87.61'),
(3943, '', '0.00', 0, 0, '59.97'),
(3944, '', '0.00', 0, 0, '68.28'),
(3945, '', '0.00', 0, 0, '68.28'),
(3946, '', '0.00', 0, 0, '68.28'),
(3947, '', '0.00', 0, 0, '91.42'),
(3948, '', '0.00', 0, 0, '91.42'),
(3949, '', '0.00', 0, 0, '91.42'),
(3950, '', '0.00', 0, 0, '91.42'),
(3951, '', '0.00', 0, 0, '91.42'),
(3952, '', '0.00', 0, 0, '89.75'),
(3953, '', '0.00', 0, 0, '116.97'),
(3954, '', '0.00', 0, 0, '97.07'),
(3955, '', '0.00', 0, 0, '72.32'),
(3956, '', '0.00', 0, 0, '72.32'),
(3957, '', '0.00', 0, 0, '116.53'),
(3958, '', '0.00', 0, 0, '116.53'),
(3959, '', '0.00', 0, 0, '45.71'),
(3960, '', '0.00', 0, 0, '51.82'),
(3961, '', '0.00', 0, 0, '51.82'),
(3962, '', '0.00', 0, 0, '51.82'),
(3963, '', '0.00', 0, 0, '50.70'),
(3964, '', '0.00', 0, 0, '63.70'),
(3965, '', '0.00', 0, 0, '78.00'),
(3966, '', '0.00', 0, 0, '50.70'),
(3967, '', '0.00', 0, 0, '191.75'),
(3968, '', '0.00', 0, 0, '37.90'),
(3969, '', '0.00', 0, 0, '63.15'),
(3970, '', '0.00', 0, 0, '53.68'),
(3971, '', '0.00', 0, 0, '53.68'),
(3972, '', '0.00', 0, 0, '82.08'),
(3973, '', '0.00', 0, 0, '85.25'),
(3974, '', '0.00', 0, 0, '116.87'),
(3975, '', '0.00', 0, 0, '144.30'),
(3976, '', '0.00', 0, 0, '116.87'),
(3977, '', '0.00', 0, 0, '116.87'),
(3978, '', '0.00', 0, 0, '53.68'),
(3979, '', '0.00', 0, 0, '66.30'),
(3980, '', '0.00', 0, 0, '116.87'),
(3981, '', '0.00', 0, 0, '191.75'),
(3982, '', '0.00', 0, 0, '191.75'),
(3983, '', '0.00', 0, 0, '191.75'),
(3984, '', '0.00', 0, 0, '176.41');
INSERT INTO `productos` (`id_producto`, `nombre_producto`, `costo_producto`, `id_categoria`, `cantidad_producto`, `precio_producto`) VALUES
(3985, '', '0.00', 0, 0, '176.41'),
(3986, '', '0.00', 0, 0, '130.00'),
(3987, '', '0.00', 0, 0, '75.91'),
(3988, '', '0.00', 0, 0, '131.63'),
(3989, '', '0.00', 0, 0, '110.70'),
(3990, '', '0.00', 0, 0, '124.80'),
(3991, '', '0.00', 0, 0, '53.77'),
(3992, '', '0.00', 0, 0, '58.66'),
(3993, '', '0.00', 0, 0, '98.98'),
(3994, '', '0.00', 0, 0, '105.09'),
(3995, '', '0.00', 0, 0, '105.09'),
(3996, '', '0.00', 0, 0, '98.98'),
(3997, '', '0.00', 0, 0, '105.09'),
(3998, '', '0.00', 0, 0, '78.00'),
(3999, '', '0.00', 0, 0, '78.00'),
(4000, '', '0.00', 0, 0, '84.24'),
(4001, '', '0.00', 0, 0, '84.24'),
(4002, '', '0.00', 0, 0, '84.24'),
(4003, '', '0.00', 0, 0, '80.60'),
(4004, '', '0.00', 0, 0, '84.50'),
(4005, '', '0.00', 0, 0, '101.40'),
(4006, '', '0.00', 0, 0, '89.69'),
(4007, '', '0.00', 0, 0, '124.80'),
(4008, '', '0.00', 0, 0, '40.63'),
(4009, '', '0.00', 0, 0, '139.05'),
(4010, '', '0.00', 0, 0, '99.71'),
(4011, '', '0.00', 0, 0, '99.71'),
(4012, '', '0.00', 0, 0, '99.71'),
(4013, '', '0.00', 0, 0, '99.71'),
(4014, '', '0.00', 0, 0, '94.73'),
(4015, '', '0.00', 0, 0, '72.80'),
(4016, '', '0.00', 0, 0, '87.36'),
(4017, '', '0.00', 0, 0, '1690.00'),
(4018, '', '0.00', 0, 0, '94.73'),
(4019, '', '0.00', 0, 0, '116.97'),
(4020, '', '0.00', 0, 0, '116.97'),
(4021, '', '0.00', 0, 0, '94.73'),
(4022, '', '0.00', 0, 0, '94.73'),
(4023, '', '0.00', 0, 0, '99.71'),
(4024, '', '0.00', 0, 0, '60.00'),
(4025, '', '0.00', 0, 0, '60.00'),
(4026, '', '0.00', 0, 0, '60.00'),
(4027, '', '0.00', 0, 0, '50.00'),
(4028, '', '0.00', 0, 0, '50.00'),
(4029, '', '0.00', 0, 0, '69.99'),
(4030, '', '0.00', 0, 0, '60.01'),
(4031, '', '0.00', 0, 0, '60.01'),
(4032, '', '0.00', 0, 0, '70.01'),
(4033, '', '0.00', 0, 0, '60.01'),
(4034, '', '0.00', 0, 0, '69.99'),
(4035, '', '0.00', 0, 0, '69.99'),
(4036, '', '0.00', 0, 0, '49.97'),
(4037, '', '0.00', 0, 0, '6.50'),
(4038, '', '0.00', 0, 0, '13.00'),
(4039, '', '0.00', 0, 0, '65.00'),
(4040, '', '0.00', 0, 0, '65.00'),
(4041, '', '0.00', 0, 0, '1.93'),
(4042, '', '0.00', 0, 0, '240.96'),
(4043, '', '0.00', 0, 0, '419.90'),
(4044, '', '0.00', 0, 0, '31.25'),
(4045, '', '0.00', 0, 0, '234.38'),
(4046, '', '0.00', 0, 0, '481.25'),
(4047, '', '0.00', 0, 0, '105.60'),
(4048, '', '0.00', 0, 0, '105.60'),
(4049, '', '0.00', 0, 0, '576.00'),
(4050, '', '0.00', 0, 0, '225.60'),
(4051, '', '0.00', 0, 0, '249.60'),
(4052, '', '0.00', 0, 0, '142.50'),
(4053, '', '0.00', 0, 0, '106.20'),
(4054, '', '0.00', 0, 0, '576.00'),
(4055, '', '0.00', 0, 0, '492.00'),
(4056, '', '0.00', 0, 0, '136.80'),
(4057, '', '0.00', 0, 0, '764.40'),
(4058, '', '0.00', 0, 0, '350.00'),
(4059, '', '0.00', 0, 0, '406.00'),
(4060, '', '0.00', 0, 0, '602.00'),
(4061, '', '0.00', 0, 0, '350.00'),
(4062, '', '0.00', 0, 0, '665.00'),
(4063, '', '0.00', 0, 0, '252.00'),
(4064, '', '0.00', 0, 0, '238.00'),
(4065, '', '0.00', 0, 0, '315.00'),
(4066, '', '0.00', 0, 0, '196.88'),
(4067, '', '0.00', 0, 0, '371.00'),
(4068, '', '0.00', 0, 0, '189.00'),
(4069, '', '0.00', 0, 0, '812.00'),
(4070, '', '0.00', 0, 0, '203.00'),
(4071, '', '0.00', 0, 0, '203.00'),
(4072, '', '0.00', 0, 0, '147.00'),
(4073, '', '0.00', 0, 0, '196.00'),
(4074, '', '0.00', 0, 0, '196.00'),
(4075, '', '0.00', 0, 0, '241.50'),
(4076, '', '0.00', 0, 0, '220.50'),
(4077, '', '0.00', 0, 0, '234.50'),
(4078, '', '0.00', 0, 0, '280.00'),
(4079, '', '0.00', 0, 0, '210.00'),
(4080, '', '0.00', 0, 0, '180.95'),
(4081, '', '0.00', 0, 0, '369.59'),
(4082, '', '0.00', 0, 0, '378.00'),
(4083, '', '0.00', 0, 0, '264.38'),
(4084, '', '0.00', 0, 0, '219.56'),
(4085, '', '0.00', 0, 0, '63.00'),
(4086, '', '0.00', 0, 0, '63.00'),
(4087, '', '0.00', 0, 0, '173.36'),
(4088, '', '0.00', 0, 0, '219.56'),
(4089, '', '0.00', 0, 0, '94.08'),
(4090, '', '0.00', 0, 0, '143.44'),
(4091, '', '0.00', 0, 0, '143.44'),
(4092, '', '0.00', 0, 0, '116.20'),
(4093, '', '0.00', 0, 0, '116.20'),
(4094, '', '0.00', 0, 0, '313.60'),
(4095, '', '0.00', 0, 0, '245.70'),
(4096, '', '0.00', 0, 0, '241.80'),
(4097, '', '0.00', 0, 0, '191.10'),
(4098, '', '0.00', 0, 0, '165.10'),
(4099, '', '0.00', 0, 0, '140.40'),
(4100, '', '0.00', 0, 0, '97.50'),
(4101, '', '0.00', 0, 0, '119.60'),
(4102, '', '0.00', 0, 0, '49.45'),
(4103, '', '0.00', 0, 0, '325.00'),
(4104, '', '0.00', 0, 0, '100.10'),
(4105, '', '0.00', 0, 0, '100.31'),
(4106, '', '0.00', 0, 0, '81.74'),
(4107, '', '0.00', 0, 0, '110.50'),
(4108, '', '0.00', 0, 0, '59.80'),
(4109, '', '0.00', 0, 0, '31.85'),
(4110, '', '0.00', 0, 0, '31.85'),
(4111, '', '0.00', 0, 0, '520.00'),
(4112, '', '0.00', 0, 0, '1014.00'),
(4113, '', '0.00', 0, 0, '1202.50'),
(4114, '', '0.00', 0, 0, '91.00'),
(4115, '', '0.00', 0, 0, '322.92'),
(4116, '', '0.00', 0, 0, '13.00'),
(4117, '', '0.00', 0, 0, '69.63'),
(4118, '', '0.00', 0, 0, '617.50'),
(4119, '', '0.00', 0, 0, '546.00'),
(4120, '', '0.00', 0, 0, '637.00'),
(4121, '', '0.00', 0, 0, '637.00'),
(4122, '', '0.00', 0, 0, '1625.00'),
(4123, '', '0.00', 0, 0, '1614.60'),
(4124, '', '0.00', 0, 0, '572.00'),
(4125, '', '0.00', 0, 0, '2990.00'),
(4126, '', '0.00', 0, 0, '292.50'),
(4127, '', '0.00', 0, 0, '1755.00'),
(4128, '', '0.00', 0, 0, '2457.00'),
(4129, '', '0.00', 0, 0, '1144.00'),
(4130, '', '0.00', 0, 0, '4680.00'),
(4131, '', '0.00', 0, 0, '1.07'),
(4132, '', '0.00', 0, 0, '1170.00'),
(4133, '', '0.00', 0, 0, '429.00'),
(4134, '', '0.00', 0, 0, '429.00'),
(4135, '', '0.00', 0, 0, '643.50'),
(4136, '', '0.00', 0, 0, '715.00'),
(4137, '', '0.00', 0, 0, '1885.00'),
(4138, '', '0.00', 0, 0, '1606.80'),
(4139, '', '0.00', 0, 0, '1300.00'),
(4140, '', '0.00', 0, 0, '1606.80'),
(4141, '', '0.00', 0, 0, '715.00'),
(4142, '', '0.00', 0, 0, '549.76'),
(4143, '', '0.00', 0, 0, '240.50'),
(4144, '', '0.00', 0, 0, '240.50'),
(4145, '', '0.00', 0, 0, '1625.00'),
(4146, '', '0.00', 0, 0, '760.50'),
(4147, '', '0.00', 0, 0, '715.00'),
(4148, '', '0.00', 0, 0, '494.00'),
(4149, '', '0.00', 0, 0, '260.00'),
(4150, '', '0.00', 0, 0, '715.00'),
(4151, '', '0.00', 0, 0, '637.00'),
(4152, '', '0.00', 0, 0, '604.50'),
(4153, '', '0.00', 0, 0, '26.00'),
(4154, '', '0.00', 0, 0, '19.50'),
(4155, '', '0.00', 0, 0, '19.50'),
(4156, '', '0.00', 0, 0, '19.50'),
(4157, '', '0.00', 0, 0, '198.25'),
(4158, '', '0.00', 0, 0, '193.56'),
(4159, '', '0.00', 0, 0, '175.50'),
(4160, '', '0.00', 0, 0, '115.80'),
(4161, '', '0.00', 0, 0, '115.80'),
(4162, '', '0.00', 0, 0, '910.00'),
(4163, '', '0.00', 0, 0, '1105.00'),
(4164, '', '0.00', 0, 0, '115.80'),
(4165, '', '0.00', 0, 0, '405.60'),
(4166, '', '0.00', 0, 0, '1508.00'),
(4167, '', '0.00', 0, 0, '286.00'),
(4168, '', '0.00', 0, 0, '363.58'),
(4169, '', '0.00', 0, 0, '299.00'),
(4170, '', '0.00', 0, 0, '13.00'),
(4171, '', '0.00', 0, 0, '224.25'),
(4172, '', '0.00', 0, 0, '380.84'),
(4173, '', '0.00', 0, 0, '224.25'),
(4174, '', '0.00', 0, 0, '224.25'),
(4175, '', '0.00', 0, 0, '380.84'),
(4176, '', '0.00', 0, 0, '224.25'),
(4177, '', '0.00', 0, 0, '121.39'),
(4178, '', '0.00', 0, 0, '66.30'),
(4179, '', '0.00', 0, 0, '55.89'),
(4180, '', '0.00', 0, 0, '55.89'),
(4181, '', '0.00', 0, 0, '55.89'),
(4182, '', '0.00', 0, 0, '19.50'),
(4183, '', '0.00', 0, 0, '78.00'),
(4184, '', '0.00', 0, 0, '61.91'),
(4185, '', '0.00', 0, 0, '61.91'),
(4186, '', '0.00', 0, 0, '61.91'),
(4187, '', '0.00', 0, 0, '45.02'),
(4188, '', '0.00', 0, 0, '145.37'),
(4189, '', '0.00', 0, 0, '131.08'),
(4190, '', '0.00', 0, 0, '80.44'),
(4191, '', '0.00', 0, 0, '159.02'),
(4192, '', '0.00', 0, 0, '159.02'),
(4193, '', '0.00', 0, 0, '26.00'),
(4194, '', '0.00', 0, 0, '77.87'),
(4195, '', '0.00', 0, 0, '139.78'),
(4196, '', '0.00', 0, 0, '67.03'),
(4197, '', '0.00', 0, 0, '84.93'),
(4198, '', '0.00', 0, 0, '125.87'),
(4199, '', '0.00', 0, 0, '125.87'),
(4200, '', '0.00', 0, 0, '107.12'),
(4201, '', '0.00', 0, 0, '107.12'),
(4202, '', '0.00', 0, 0, '107.12'),
(4203, '', '0.00', 0, 0, '118.89'),
(4204, '', '0.00', 0, 0, '96.77'),
(4205, '', '0.00', 0, 0, '89.38'),
(4206, '', '0.00', 0, 0, '89.38'),
(4207, '', '0.00', 0, 0, '89.38'),
(4208, '', '0.00', 0, 0, '89.38'),
(4209, '', '0.00', 0, 0, '89.38'),
(4210, '', '0.00', 0, 0, '172.52'),
(4211, '', '0.00', 0, 0, '175.72'),
(4212, '', '0.00', 0, 0, '172.84'),
(4213, '', '0.00', 0, 0, '108.15'),
(4214, '', '0.00', 0, 0, '108.15'),
(4215, '', '0.00', 0, 0, '94.63'),
(4216, '', '0.00', 0, 0, '4.29'),
(4217, '', '0.00', 0, 0, '58.66'),
(4218, '', '0.00', 0, 0, '33.06'),
(4219, '', '0.00', 0, 0, '74.65'),
(4220, '', '0.00', 0, 0, '33.06'),
(4221, '', '0.00', 0, 0, '86.35'),
(4222, '', '0.00', 0, 0, '86.70'),
(4223, '', '0.00', 0, 0, '131.16'),
(4224, '', '0.00', 0, 0, '38.40'),
(4225, '', '0.00', 0, 0, '31.99'),
(4226, '', '0.00', 0, 0, '100.24'),
(4227, '', '0.00', 0, 0, '54.74'),
(4228, '', '0.00', 0, 0, '99.05'),
(4229, '', '0.00', 0, 0, '128.02'),
(4230, '', '0.00', 0, 0, '109.01'),
(4231, '', '0.00', 0, 0, '85.16'),
(4232, '', '0.00', 0, 0, '89.23'),
(4233, '', '0.00', 0, 0, '54.91'),
(4234, '', '0.00', 0, 0, '39.00'),
(4235, '', '0.00', 0, 0, '134.95'),
(4236, '', '0.00', 0, 0, '126.95'),
(4237, '', '0.00', 0, 0, '703.13'),
(4238, '', '0.00', 0, 0, '703.13'),
(4239, '', '0.00', 0, 0, '279.23'),
(4240, '', '0.00', 0, 0, '692.50'),
(4241, '', '0.00', 0, 0, '787.50'),
(4242, '', '0.00', 0, 0, '979.13'),
(4243, '', '0.00', 0, 0, '1516.25'),
(4244, '', '0.00', 0, 0, '15.17'),
(4245, '', '0.00', 0, 0, '500.00'),
(4246, '', '0.00', 0, 0, '912.50'),
(4247, '', '0.00', 0, 0, '687.50'),
(4248, '', '0.00', 0, 0, '1187.50'),
(4249, '', '0.00', 0, 0, '944.45'),
(4250, '', '0.00', 0, 0, '1184.50'),
(4251, '', '0.00', 0, 0, '899.45'),
(4252, '', '0.00', 0, 0, '816.00'),
(4253, '', '0.00', 0, 0, '701.70'),
(4254, '', '0.00', 0, 0, '68.38'),
(4255, '', '0.00', 0, 0, '1222.70'),
(4256, '', '0.00', 0, 0, '1113.75'),
(4257, '', '0.00', 0, 0, '1314.40'),
(4258, '', '0.00', 0, 0, '68.38'),
(4259, '', '0.00', 0, 0, '68.38'),
(4260, '', '0.00', 0, 0, '10.28'),
(4261, '', '0.00', 0, 0, '688.28'),
(4262, '', '0.00', 0, 0, '700.00'),
(4263, '', '0.00', 0, 0, '761.00'),
(4264, '', '0.00', 0, 0, '2.36'),
(4265, '', '0.00', 0, 0, '875.00'),
(4266, '', '0.00', 0, 0, '783.75'),
(4267, '', '0.00', 0, 0, '312.50'),
(4268, '', '0.00', 0, 0, '775.00'),
(4269, '', '0.00', 0, 0, '236.10'),
(4270, '', '0.00', 0, 0, '800.00'),
(4271, '', '0.00', 0, 0, '222.45'),
(4272, '', '0.00', 0, 0, '900.00'),
(4273, '', '0.00', 0, 0, '900.00'),
(4274, '', '0.00', 0, 0, '975.00'),
(4275, '', '0.00', 0, 0, '93.75'),
(4276, '', '0.00', 0, 0, '362.50'),
(4277, '', '0.00', 0, 0, '275.00'),
(4278, '', '0.00', 0, 0, '1.84'),
(4279, '', '0.00', 0, 0, '0.00'),
(4280, '', '0.00', 0, 0, '49.52'),
(4281, '', '0.00', 0, 0, '63.05'),
(4282, '', '0.00', 0, 0, '88.43'),
(4283, '', '0.00', 0, 0, '88.43'),
(4284, '', '0.00', 0, 0, '56.84'),
(4285, '', '0.00', 0, 0, '45.50'),
(4286, '', '0.00', 0, 0, '97.40'),
(4287, '', '0.00', 0, 0, '107.67'),
(4288, '', '0.00', 0, 0, '26.00'),
(4289, '', '0.00', 0, 0, '60.00'),
(4290, '', '0.00', 0, 0, '69.47'),
(4291, '', '0.00', 0, 0, '85.25'),
(4292, '', '0.00', 0, 0, '162.54'),
(4293, '', '0.00', 0, 0, '73.79'),
(4294, '', '0.00', 0, 0, '73.79'),
(4295, '', '0.00', 0, 0, '73.79'),
(4296, '', '0.00', 0, 0, '73.79'),
(4297, '', '0.00', 0, 0, '73.79'),
(4298, '', '0.00', 0, 0, '73.79'),
(4299, '', '0.00', 0, 0, '73.79'),
(4300, '', '0.00', 0, 0, '73.79'),
(4301, '', '0.00', 0, 0, '358.75'),
(4302, '', '0.00', 0, 0, '115.47'),
(4303, '', '0.00', 0, 0, '99.37'),
(4304, '', '0.00', 0, 0, '56.36'),
(4305, '', '0.00', 0, 0, '56.36'),
(4306, '', '0.00', 0, 0, '56.36'),
(4307, '', '0.00', 0, 0, '56.36'),
(4308, '', '0.00', 0, 0, '56.36'),
(4309, '', '0.00', 0, 0, '56.36'),
(4310, '', '0.00', 0, 0, '56.36'),
(4311, '', '0.00', 0, 0, '56.36'),
(4312, '', '0.00', 0, 0, '56.36'),
(4313, '', '0.00', 0, 0, '65.00'),
(4314, '', '0.00', 0, 0, '88.86'),
(4315, '', '0.00', 0, 0, '88.86'),
(4316, '', '0.00', 0, 0, '88.86'),
(4317, '', '0.00', 0, 0, '88.86'),
(4318, '', '0.00', 0, 0, '88.86'),
(4319, '', '0.00', 0, 0, '88.86'),
(4320, '', '0.00', 0, 0, '88.86'),
(4321, '', '0.00', 0, 0, '88.86'),
(4322, '', '0.00', 0, 0, '88.86'),
(4323, '', '0.00', 0, 0, '101.89'),
(4324, '', '0.00', 0, 0, '101.89'),
(4325, '', '0.00', 0, 0, '101.89'),
(4326, '', '0.00', 0, 0, '101.89'),
(4327, '', '0.00', 0, 0, '101.89'),
(4328, '', '0.00', 0, 0, '101.89'),
(4329, '', '0.00', 0, 0, '101.89'),
(4330, '', '0.00', 0, 0, '101.89'),
(4331, '', '0.00', 0, 0, '113.01'),
(4332, '', '0.00', 0, 0, '117.59'),
(4333, '', '0.00', 0, 0, '68.28'),
(4334, '', '0.00', 0, 0, '87.61'),
(4335, '', '0.00', 0, 0, '59.97'),
(4336, '', '0.00', 0, 0, '68.28'),
(4337, '', '0.00', 0, 0, '68.28'),
(4338, '', '0.00', 0, 0, '68.28'),
(4339, '', '0.00', 0, 0, '91.42'),
(4340, '', '0.00', 0, 0, '91.42'),
(4341, '', '0.00', 0, 0, '91.42'),
(4342, '', '0.00', 0, 0, '91.42'),
(4343, '', '0.00', 0, 0, '91.42'),
(4344, '', '0.00', 0, 0, '89.75'),
(4345, '', '0.00', 0, 0, '116.97'),
(4346, '', '0.00', 0, 0, '97.07'),
(4347, '', '0.00', 0, 0, '72.32'),
(4348, '', '0.00', 0, 0, '72.32'),
(4349, '', '0.00', 0, 0, '116.53'),
(4350, '', '0.00', 0, 0, '116.53'),
(4351, '', '0.00', 0, 0, '45.71'),
(4352, '', '0.00', 0, 0, '51.82'),
(4353, '', '0.00', 0, 0, '51.82'),
(4354, '', '0.00', 0, 0, '51.82'),
(4355, '', '0.00', 0, 0, '50.70'),
(4356, '', '0.00', 0, 0, '63.70'),
(4357, '', '0.00', 0, 0, '78.00'),
(4358, '', '0.00', 0, 0, '50.70'),
(4359, '', '0.00', 0, 0, '191.75'),
(4360, '', '0.00', 0, 0, '37.90'),
(4361, '', '0.00', 0, 0, '63.15'),
(4362, '', '0.00', 0, 0, '53.68'),
(4363, '', '0.00', 0, 0, '53.68'),
(4364, '', '0.00', 0, 0, '82.08'),
(4365, '', '0.00', 0, 0, '85.25'),
(4366, '', '0.00', 0, 0, '116.87'),
(4367, '', '0.00', 0, 0, '144.30'),
(4368, '', '0.00', 0, 0, '116.87'),
(4369, '', '0.00', 0, 0, '116.87'),
(4370, '', '0.00', 0, 0, '53.68'),
(4371, '', '0.00', 0, 0, '66.30'),
(4372, '', '0.00', 0, 0, '116.87'),
(4373, '', '0.00', 0, 0, '191.75'),
(4374, '', '0.00', 0, 0, '191.75'),
(4375, '', '0.00', 0, 0, '191.75'),
(4376, '', '0.00', 0, 0, '176.41'),
(4377, '', '0.00', 0, 0, '176.41'),
(4378, '', '0.00', 0, 0, '130.00'),
(4379, '', '0.00', 0, 0, '75.91'),
(4380, '', '0.00', 0, 0, '131.63'),
(4381, '', '0.00', 0, 0, '110.70'),
(4382, '', '0.00', 0, 0, '124.80'),
(4383, '', '0.00', 0, 0, '53.77'),
(4384, '', '0.00', 0, 0, '58.66'),
(4385, '', '0.00', 0, 0, '98.98'),
(4386, '', '0.00', 0, 0, '105.09'),
(4387, '', '0.00', 0, 0, '105.09'),
(4388, '', '0.00', 0, 0, '98.98'),
(4389, '', '0.00', 0, 0, '105.09'),
(4390, '', '0.00', 0, 0, '78.00'),
(4391, '', '0.00', 0, 0, '78.00'),
(4392, '', '0.00', 0, 0, '84.24'),
(4393, '', '0.00', 0, 0, '84.24'),
(4394, '', '0.00', 0, 0, '84.24'),
(4395, '', '0.00', 0, 0, '80.60'),
(4396, '', '0.00', 0, 0, '84.50'),
(4397, '', '0.00', 0, 0, '101.40'),
(4398, '', '0.00', 0, 0, '89.69'),
(4399, '', '0.00', 0, 0, '124.80'),
(4400, '', '0.00', 0, 0, '40.63'),
(4401, '', '0.00', 0, 0, '139.05'),
(4402, '', '0.00', 0, 0, '99.71'),
(4403, '', '0.00', 0, 0, '99.71'),
(4404, '', '0.00', 0, 0, '99.71'),
(4405, '', '0.00', 0, 0, '99.71'),
(4406, '', '0.00', 0, 0, '94.73'),
(4407, '', '0.00', 0, 0, '72.80'),
(4408, '', '0.00', 0, 0, '87.36'),
(4409, '', '0.00', 0, 0, '1690.00'),
(4410, '', '0.00', 0, 0, '94.73'),
(4411, '', '0.00', 0, 0, '116.97'),
(4412, '', '0.00', 0, 0, '116.97'),
(4413, '', '0.00', 0, 0, '94.73'),
(4414, '', '0.00', 0, 0, '94.73'),
(4415, '', '0.00', 0, 0, '99.71'),
(4416, '', '0.00', 0, 0, '60.00'),
(4417, '', '0.00', 0, 0, '60.00'),
(4418, '', '0.00', 0, 0, '60.00'),
(4419, '', '0.00', 0, 0, '50.00'),
(4420, '', '0.00', 0, 0, '50.00'),
(4421, '', '0.00', 0, 0, '69.99'),
(4422, '', '0.00', 0, 0, '60.01'),
(4423, '', '0.00', 0, 0, '60.01'),
(4424, '', '0.00', 0, 0, '70.01'),
(4425, '', '0.00', 0, 0, '60.01'),
(4426, '', '0.00', 0, 0, '69.99'),
(4427, '', '0.00', 0, 0, '69.99'),
(4428, '', '0.00', 0, 0, '49.97'),
(4429, '', '0.00', 0, 0, '6.50'),
(4430, '', '0.00', 0, 0, '13.00'),
(4431, '', '0.00', 0, 0, '65.00'),
(4432, '', '0.00', 0, 0, '65.00'),
(4433, '', '0.00', 0, 0, '1.93'),
(4434, '', '0.00', 0, 0, '240.96'),
(4435, '', '0.00', 0, 0, '419.90'),
(4436, '', '0.00', 0, 0, '31.25'),
(4437, '', '0.00', 0, 0, '234.38'),
(4438, '', '0.00', 0, 0, '481.25'),
(4439, '', '0.00', 0, 0, '105.60'),
(4440, '', '0.00', 0, 0, '105.60'),
(4441, '', '0.00', 0, 0, '576.00'),
(4442, '', '0.00', 0, 0, '225.60'),
(4443, '', '0.00', 0, 0, '249.60'),
(4444, '', '0.00', 0, 0, '142.50'),
(4445, '', '0.00', 0, 0, '106.20'),
(4446, '', '0.00', 0, 0, '576.00'),
(4447, '', '0.00', 0, 0, '492.00'),
(4448, '', '0.00', 0, 0, '136.80'),
(4449, '', '0.00', 0, 0, '764.40'),
(4450, '', '0.00', 0, 0, '350.00'),
(4451, '', '0.00', 0, 0, '406.00'),
(4452, '', '0.00', 0, 0, '602.00'),
(4453, '', '0.00', 0, 0, '350.00'),
(4454, '', '0.00', 0, 0, '665.00'),
(4455, '', '0.00', 0, 0, '252.00'),
(4456, '', '0.00', 0, 0, '238.00'),
(4457, '', '0.00', 0, 0, '315.00'),
(4458, '', '0.00', 0, 0, '196.88'),
(4459, '', '0.00', 0, 0, '371.00'),
(4460, '', '0.00', 0, 0, '189.00'),
(4461, '', '0.00', 0, 0, '812.00'),
(4462, '', '0.00', 0, 0, '203.00'),
(4463, '', '0.00', 0, 0, '203.00'),
(4464, '', '0.00', 0, 0, '147.00'),
(4465, '', '0.00', 0, 0, '196.00'),
(4466, '', '0.00', 0, 0, '196.00'),
(4467, '', '0.00', 0, 0, '241.50'),
(4468, '', '0.00', 0, 0, '220.50'),
(4469, '', '0.00', 0, 0, '234.50'),
(4470, '', '0.00', 0, 0, '280.00'),
(4471, '', '0.00', 0, 0, '210.00'),
(4472, '', '0.00', 0, 0, '180.95'),
(4473, '', '0.00', 0, 0, '369.59'),
(4474, '', '0.00', 0, 0, '378.00'),
(4475, '', '0.00', 0, 0, '264.38'),
(4476, '', '0.00', 0, 0, '219.56'),
(4477, '', '0.00', 0, 0, '63.00'),
(4478, '', '0.00', 0, 0, '63.00'),
(4479, '', '0.00', 0, 0, '173.36'),
(4480, '', '0.00', 0, 0, '219.56'),
(4481, '', '0.00', 0, 0, '94.08'),
(4482, '', '0.00', 0, 0, '143.44'),
(4483, '', '0.00', 0, 0, '143.44'),
(4484, '', '0.00', 0, 0, '116.20'),
(4485, '', '0.00', 0, 0, '116.20'),
(4486, '', '0.00', 0, 0, '313.60'),
(4487, '', '0.00', 0, 0, '245.70'),
(4488, '', '0.00', 0, 0, '241.80'),
(4489, '', '0.00', 0, 0, '191.10'),
(4490, '', '0.00', 0, 0, '165.10'),
(4491, '', '0.00', 0, 0, '140.40'),
(4492, '', '0.00', 0, 0, '97.50'),
(4493, '', '0.00', 0, 0, '119.60'),
(4494, '', '0.00', 0, 0, '49.45'),
(4495, '', '0.00', 0, 0, '325.00'),
(4496, '', '0.00', 0, 0, '100.10'),
(4497, '', '0.00', 0, 0, '100.31'),
(4498, '', '0.00', 0, 0, '81.74'),
(4499, '', '0.00', 0, 0, '110.50'),
(4500, '', '0.00', 0, 0, '59.80'),
(4501, '', '0.00', 0, 0, '31.85'),
(4502, '', '0.00', 0, 0, '31.85'),
(4503, '', '0.00', 0, 0, '520.00'),
(4504, '', '0.00', 0, 0, '1014.00'),
(4505, '', '0.00', 0, 0, '1202.50'),
(4506, '', '0.00', 0, 0, '91.00'),
(4507, '', '0.00', 0, 0, '322.92'),
(4508, '', '0.00', 0, 0, '13.00'),
(4509, '', '0.00', 0, 0, '69.63'),
(4510, '', '0.00', 0, 0, '617.50'),
(4511, '', '0.00', 0, 0, '546.00'),
(4512, '', '0.00', 0, 0, '637.00'),
(4513, '', '0.00', 0, 0, '637.00'),
(4514, '', '0.00', 0, 0, '1625.00'),
(4515, '', '0.00', 0, 0, '1614.60'),
(4516, '', '0.00', 0, 0, '572.00'),
(4517, '', '0.00', 0, 0, '2990.00'),
(4518, '', '0.00', 0, 0, '292.50'),
(4519, '', '0.00', 0, 0, '1755.00'),
(4520, '', '0.00', 0, 0, '2457.00'),
(4521, '', '0.00', 0, 0, '1144.00'),
(4522, '', '0.00', 0, 0, '4680.00'),
(4523, '', '0.00', 0, 0, '1.07'),
(4524, '', '0.00', 0, 0, '1170.00'),
(4525, '', '0.00', 0, 0, '429.00'),
(4526, '', '0.00', 0, 0, '429.00'),
(4527, '', '0.00', 0, 0, '643.50'),
(4528, '', '0.00', 0, 0, '715.00'),
(4529, '', '0.00', 0, 0, '1885.00'),
(4530, '', '0.00', 0, 0, '1606.80'),
(4531, '', '0.00', 0, 0, '1300.00'),
(4532, '', '0.00', 0, 0, '1606.80'),
(4533, '', '0.00', 0, 0, '715.00'),
(4534, '', '0.00', 0, 0, '549.76'),
(4535, '', '0.00', 0, 0, '240.50'),
(4536, '', '0.00', 0, 0, '240.50'),
(4537, '', '0.00', 0, 0, '1625.00'),
(4538, '', '0.00', 0, 0, '760.50'),
(4539, '', '0.00', 0, 0, '715.00'),
(4540, '', '0.00', 0, 0, '494.00'),
(4541, '', '0.00', 0, 0, '260.00'),
(4542, '', '0.00', 0, 0, '715.00'),
(4543, '', '0.00', 0, 0, '637.00'),
(4544, '', '0.00', 0, 0, '604.50'),
(4545, '', '0.00', 0, 0, '26.00'),
(4546, '', '0.00', 0, 0, '19.50'),
(4547, '', '0.00', 0, 0, '19.50'),
(4548, '', '0.00', 0, 0, '19.50'),
(4549, '', '0.00', 0, 0, '198.25'),
(4550, '', '0.00', 0, 0, '193.56'),
(4551, '', '0.00', 0, 0, '175.50'),
(4552, '', '0.00', 0, 0, '115.80'),
(4553, '', '0.00', 0, 0, '115.80'),
(4554, '', '0.00', 0, 0, '910.00'),
(4555, '', '0.00', 0, 0, '1105.00'),
(4556, '', '0.00', 0, 0, '115.80'),
(4557, '', '0.00', 0, 0, '405.60'),
(4558, '', '0.00', 0, 0, '1508.00'),
(4559, '', '0.00', 0, 0, '286.00'),
(4560, '', '0.00', 0, 0, '363.58'),
(4561, '', '0.00', 0, 0, '299.00'),
(4562, '', '0.00', 0, 0, '13.00'),
(4563, '', '0.00', 0, 0, '224.25'),
(4564, '', '0.00', 0, 0, '380.84'),
(4565, '', '0.00', 0, 0, '224.25'),
(4566, '', '0.00', 0, 0, '224.25'),
(4567, '', '0.00', 0, 0, '380.84'),
(4568, '', '0.00', 0, 0, '224.25'),
(4569, '', '0.00', 0, 0, '121.39'),
(4570, '', '0.00', 0, 0, '66.30'),
(4571, '', '0.00', 0, 0, '55.89'),
(4572, '', '0.00', 0, 0, '55.89'),
(4573, '', '0.00', 0, 0, '55.89'),
(4574, '', '0.00', 0, 0, '19.50'),
(4575, '', '0.00', 0, 0, '78.00'),
(4576, '', '0.00', 0, 0, '61.91'),
(4577, '', '0.00', 0, 0, '61.91'),
(4578, '', '0.00', 0, 0, '61.91'),
(4579, '', '0.00', 0, 0, '45.02'),
(4580, '', '0.00', 0, 0, '145.37'),
(4581, '', '0.00', 0, 0, '131.08'),
(4582, '', '0.00', 0, 0, '80.44'),
(4583, '', '0.00', 0, 0, '159.02'),
(4584, '', '0.00', 0, 0, '159.02'),
(4585, '', '0.00', 0, 0, '26.00'),
(4586, '', '0.00', 0, 0, '77.87'),
(4587, '', '0.00', 0, 0, '139.78'),
(4588, '', '0.00', 0, 0, '67.03'),
(4589, '', '0.00', 0, 0, '84.93'),
(4590, '', '0.00', 0, 0, '125.87'),
(4591, '', '0.00', 0, 0, '125.87'),
(4592, '', '0.00', 0, 0, '107.12'),
(4593, '', '0.00', 0, 0, '107.12'),
(4594, '', '0.00', 0, 0, '107.12'),
(4595, '', '0.00', 0, 0, '118.89'),
(4596, '', '0.00', 0, 0, '96.77'),
(4597, '', '0.00', 0, 0, '89.38'),
(4598, '', '0.00', 0, 0, '89.38'),
(4599, '', '0.00', 0, 0, '89.38'),
(4600, '', '0.00', 0, 0, '89.38'),
(4601, '', '0.00', 0, 0, '89.38'),
(4602, '', '0.00', 0, 0, '172.52'),
(4603, '', '0.00', 0, 0, '175.72'),
(4604, '', '0.00', 0, 0, '172.84'),
(4605, '', '0.00', 0, 0, '108.15'),
(4606, '', '0.00', 0, 0, '108.15'),
(4607, '', '0.00', 0, 0, '94.63'),
(4608, '', '0.00', 0, 0, '4.29'),
(4609, '', '0.00', 0, 0, '58.66'),
(4610, '', '0.00', 0, 0, '33.06'),
(4611, '', '0.00', 0, 0, '74.65'),
(4612, '', '0.00', 0, 0, '33.06'),
(4613, '', '0.00', 0, 0, '86.35'),
(4614, '', '0.00', 0, 0, '86.70'),
(4615, '', '0.00', 0, 0, '131.16'),
(4616, '', '0.00', 0, 0, '38.40'),
(4617, '', '0.00', 0, 0, '31.99'),
(4618, '', '0.00', 0, 0, '100.24'),
(4619, '', '0.00', 0, 0, '54.74'),
(4620, '', '0.00', 0, 0, '99.05'),
(4621, '', '0.00', 0, 0, '128.02'),
(4622, '', '0.00', 0, 0, '109.01'),
(4623, '', '0.00', 0, 0, '85.16'),
(4624, '', '0.00', 0, 0, '89.23'),
(4625, '', '0.00', 0, 0, '54.91'),
(4626, '', '0.00', 0, 0, '39.00'),
(4627, '', '0.00', 0, 0, '134.95'),
(4628, '', '0.00', 0, 0, '126.95'),
(4629, '', '0.00', 0, 0, '703.13'),
(4630, '', '0.00', 0, 0, '703.13'),
(4631, '', '0.00', 0, 0, '279.23'),
(4632, '', '0.00', 0, 0, '692.50'),
(4633, '', '0.00', 0, 0, '787.50'),
(4634, '', '0.00', 0, 0, '979.13'),
(4635, '', '0.00', 0, 0, '1516.25'),
(4636, '', '0.00', 0, 0, '15.17'),
(4637, '', '0.00', 0, 0, '500.00'),
(4638, '', '0.00', 0, 0, '912.50'),
(4639, '', '0.00', 0, 0, '687.50'),
(4640, '', '0.00', 0, 0, '1187.50'),
(4641, '', '0.00', 0, 0, '944.45'),
(4642, '', '0.00', 0, 0, '1184.50'),
(4643, '', '0.00', 0, 0, '899.45'),
(4644, '', '0.00', 0, 0, '816.00'),
(4645, '', '0.00', 0, 0, '701.70'),
(4646, '', '0.00', 0, 0, '68.38'),
(4647, '', '0.00', 0, 0, '1222.70'),
(4648, '', '0.00', 0, 0, '1113.75'),
(4649, '', '0.00', 0, 0, '1314.40'),
(4650, '', '0.00', 0, 0, '68.38'),
(4651, '', '0.00', 0, 0, '68.38'),
(4652, '', '0.00', 0, 0, '10.28'),
(4653, '', '0.00', 0, 0, '688.28'),
(4654, '', '0.00', 0, 0, '700.00'),
(4655, '', '0.00', 0, 0, '761.00'),
(4656, '', '0.00', 0, 0, '2.36'),
(4657, '', '0.00', 0, 0, '875.00'),
(4658, '', '0.00', 0, 0, '783.75'),
(4659, '', '0.00', 0, 0, '312.50'),
(4660, '', '0.00', 0, 0, '775.00'),
(4661, '', '0.00', 0, 0, '236.10'),
(4662, '', '0.00', 0, 0, '800.00'),
(4663, '', '0.00', 0, 0, '222.45'),
(4664, '', '0.00', 0, 0, '900.00'),
(4665, '', '0.00', 0, 0, '900.00'),
(4666, '', '0.00', 0, 0, '975.00'),
(4667, '', '0.00', 0, 0, '93.75'),
(4668, '', '0.00', 0, 0, '362.50'),
(4669, '', '0.00', 0, 0, '275.00'),
(4670, '', '0.00', 0, 0, '1.84'),
(4671, '', '0.00', 0, 0, '0.00'),
(4672, '', '0.00', 0, 0, '49.52'),
(4673, '', '0.00', 0, 0, '63.05'),
(4674, '', '0.00', 0, 0, '88.43'),
(4675, '', '0.00', 0, 0, '88.43'),
(4676, '', '0.00', 0, 0, '56.84'),
(4677, '', '0.00', 0, 0, '45.50'),
(4678, '', '0.00', 0, 0, '97.40'),
(4679, '', '0.00', 0, 0, '107.67'),
(4680, '', '0.00', 0, 0, '26.00'),
(4681, '', '0.00', 0, 0, '60.00'),
(4682, '', '0.00', 0, 0, '69.47'),
(4683, '', '0.00', 0, 0, '85.25'),
(4684, '', '0.00', 0, 0, '162.54'),
(4685, '', '0.00', 0, 0, '73.79'),
(4686, '', '0.00', 0, 0, '73.79'),
(4687, '', '0.00', 0, 0, '73.79'),
(4688, '', '0.00', 0, 0, '73.79'),
(4689, '', '0.00', 0, 0, '73.79'),
(4690, '', '0.00', 0, 0, '73.79'),
(4691, '', '0.00', 0, 0, '73.79'),
(4692, '', '0.00', 0, 0, '73.79'),
(4693, '', '0.00', 0, 0, '358.75'),
(4694, '', '0.00', 0, 0, '115.47'),
(4695, '', '0.00', 0, 0, '99.37'),
(4696, '', '0.00', 0, 0, '56.36'),
(4697, '', '0.00', 0, 0, '56.36'),
(4698, '', '0.00', 0, 0, '56.36'),
(4699, '', '0.00', 0, 0, '56.36'),
(4700, '', '0.00', 0, 0, '56.36'),
(4701, '', '0.00', 0, 0, '56.36'),
(4702, '', '0.00', 0, 0, '56.36'),
(4703, '', '0.00', 0, 0, '56.36'),
(4704, '', '0.00', 0, 0, '56.36'),
(4705, '', '0.00', 0, 0, '65.00'),
(4706, '', '0.00', 0, 0, '88.86'),
(4707, '', '0.00', 0, 0, '88.86'),
(4708, '', '0.00', 0, 0, '88.86'),
(4709, '', '0.00', 0, 0, '88.86'),
(4710, '', '0.00', 0, 0, '88.86'),
(4711, '', '0.00', 0, 0, '88.86'),
(4712, '', '0.00', 0, 0, '88.86'),
(4713, '', '0.00', 0, 0, '88.86'),
(4714, '', '0.00', 0, 0, '88.86'),
(4715, '', '0.00', 0, 0, '101.89'),
(4716, '', '0.00', 0, 0, '101.89'),
(4717, '', '0.00', 0, 0, '101.89'),
(4718, '', '0.00', 0, 0, '101.89'),
(4719, '', '0.00', 0, 0, '101.89'),
(4720, '', '0.00', 0, 0, '101.89'),
(4721, '', '0.00', 0, 0, '101.89'),
(4722, '', '0.00', 0, 0, '101.89'),
(4723, '', '0.00', 0, 0, '113.01'),
(4724, '', '0.00', 0, 0, '117.59'),
(4725, '', '0.00', 0, 0, '68.28'),
(4726, '', '0.00', 0, 0, '87.61'),
(4727, '', '0.00', 0, 0, '59.97'),
(4728, '', '0.00', 0, 0, '68.28'),
(4729, '', '0.00', 0, 0, '68.28'),
(4730, '', '0.00', 0, 0, '68.28'),
(4731, '', '0.00', 0, 0, '91.42'),
(4732, '', '0.00', 0, 0, '91.42'),
(4733, '', '0.00', 0, 0, '91.42'),
(4734, '', '0.00', 0, 0, '91.42'),
(4735, '', '0.00', 0, 0, '91.42'),
(4736, '', '0.00', 0, 0, '89.75'),
(4737, '', '0.00', 0, 0, '116.97'),
(4738, '', '0.00', 0, 0, '97.07'),
(4739, '', '0.00', 0, 0, '72.32'),
(4740, '', '0.00', 0, 0, '72.32'),
(4741, '', '0.00', 0, 0, '116.53'),
(4742, '', '0.00', 0, 0, '116.53'),
(4743, '', '0.00', 0, 0, '45.71'),
(4744, '', '0.00', 0, 0, '51.82'),
(4745, '', '0.00', 0, 0, '51.82'),
(4746, '', '0.00', 0, 0, '51.82'),
(4747, '', '0.00', 0, 0, '50.70'),
(4748, '', '0.00', 0, 0, '63.70'),
(4749, '', '0.00', 0, 0, '78.00'),
(4750, '', '0.00', 0, 0, '50.70'),
(4751, '', '0.00', 0, 0, '191.75'),
(4752, '', '0.00', 0, 0, '37.90'),
(4753, '', '0.00', 0, 0, '63.15'),
(4754, '', '0.00', 0, 0, '53.68'),
(4755, '', '0.00', 0, 0, '53.68'),
(4756, '', '0.00', 0, 0, '82.08'),
(4757, '', '0.00', 0, 0, '85.25'),
(4758, '', '0.00', 0, 0, '116.87'),
(4759, '', '0.00', 0, 0, '144.30'),
(4760, '', '0.00', 0, 0, '116.87'),
(4761, '', '0.00', 0, 0, '116.87'),
(4762, '', '0.00', 0, 0, '53.68'),
(4763, '', '0.00', 0, 0, '66.30'),
(4764, '', '0.00', 0, 0, '116.87'),
(4765, '', '0.00', 0, 0, '191.75'),
(4766, '', '0.00', 0, 0, '191.75'),
(4767, '', '0.00', 0, 0, '191.75'),
(4768, '', '0.00', 0, 0, '176.41'),
(4769, '', '0.00', 0, 0, '176.41'),
(4770, '', '0.00', 0, 0, '130.00'),
(4771, '', '0.00', 0, 0, '75.91'),
(4772, '', '0.00', 0, 0, '131.63'),
(4773, '', '0.00', 0, 0, '110.70'),
(4774, '', '0.00', 0, 0, '124.80'),
(4775, '', '0.00', 0, 0, '53.77'),
(4776, '', '0.00', 0, 0, '58.66'),
(4777, '', '0.00', 0, 0, '98.98'),
(4778, '', '0.00', 0, 0, '105.09'),
(4779, '', '0.00', 0, 0, '105.09'),
(4780, '', '0.00', 0, 0, '98.98'),
(4781, '', '0.00', 0, 0, '105.09'),
(4782, '', '0.00', 0, 0, '78.00'),
(4783, '', '0.00', 0, 0, '78.00'),
(4784, '', '0.00', 0, 0, '84.24'),
(4785, '', '0.00', 0, 0, '84.24'),
(4786, '', '0.00', 0, 0, '84.24'),
(4787, '', '0.00', 0, 0, '80.60'),
(4788, '', '0.00', 0, 0, '84.50'),
(4789, '', '0.00', 0, 0, '101.40'),
(4790, '', '0.00', 0, 0, '89.69'),
(4791, '', '0.00', 0, 0, '124.80'),
(4792, '', '0.00', 0, 0, '40.63'),
(4793, '', '0.00', 0, 0, '139.05'),
(4794, '', '0.00', 0, 0, '99.71'),
(4795, '', '0.00', 0, 0, '99.71'),
(4796, '', '0.00', 0, 0, '99.71'),
(4797, '', '0.00', 0, 0, '99.71'),
(4798, '', '0.00', 0, 0, '94.73'),
(4799, '', '0.00', 0, 0, '72.80'),
(4800, '', '0.00', 0, 0, '87.36'),
(4801, '', '0.00', 0, 0, '1690.00'),
(4802, '', '0.00', 0, 0, '94.73'),
(4803, '', '0.00', 0, 0, '116.97'),
(4804, '', '0.00', 0, 0, '116.97'),
(4805, '', '0.00', 0, 0, '94.73'),
(4806, '', '0.00', 0, 0, '94.73'),
(4807, '', '0.00', 0, 0, '99.71'),
(4808, '', '0.00', 0, 0, '60.00'),
(4809, '', '0.00', 0, 0, '60.00'),
(4810, '', '0.00', 0, 0, '60.00'),
(4811, '', '0.00', 0, 0, '50.00'),
(4812, '', '0.00', 0, 0, '50.00'),
(4813, '', '0.00', 0, 0, '69.99'),
(4814, '', '0.00', 0, 0, '60.01'),
(4815, '', '0.00', 0, 0, '60.01'),
(4816, '', '0.00', 0, 0, '70.01'),
(4817, '', '0.00', 0, 0, '60.01'),
(4818, '', '0.00', 0, 0, '69.99'),
(4819, '', '0.00', 0, 0, '69.99'),
(4820, '', '0.00', 0, 0, '49.97'),
(4821, '', '0.00', 0, 0, '6.50'),
(4822, '', '0.00', 0, 0, '13.00'),
(4823, '', '0.00', 0, 0, '65.00'),
(4824, '', '0.00', 0, 0, '65.00'),
(4825, '', '0.00', 0, 0, '1.93'),
(4826, '', '0.00', 0, 0, '240.96'),
(4827, '', '0.00', 0, 0, '419.90'),
(4828, '', '0.00', 0, 0, '31.25'),
(4829, '', '0.00', 0, 0, '234.38'),
(4830, '', '0.00', 0, 0, '481.25'),
(4831, '', '0.00', 0, 0, '105.60'),
(4832, '', '0.00', 0, 0, '105.60'),
(4833, '', '0.00', 0, 0, '576.00'),
(4834, '', '0.00', 0, 0, '225.60'),
(4835, '', '0.00', 0, 0, '249.60'),
(4836, '', '0.00', 0, 0, '142.50'),
(4837, '', '0.00', 0, 0, '106.20'),
(4838, '', '0.00', 0, 0, '576.00'),
(4839, '', '0.00', 0, 0, '492.00'),
(4840, '', '0.00', 0, 0, '136.80'),
(4841, '', '0.00', 0, 0, '764.40'),
(4842, '', '0.00', 0, 0, '350.00'),
(4843, '', '0.00', 0, 0, '406.00'),
(4844, '', '0.00', 0, 0, '602.00'),
(4845, '', '0.00', 0, 0, '350.00'),
(4846, '', '0.00', 0, 0, '665.00'),
(4847, '', '0.00', 0, 0, '252.00'),
(4848, '', '0.00', 0, 0, '238.00'),
(4849, '', '0.00', 0, 0, '315.00'),
(4850, '', '0.00', 0, 0, '196.88'),
(4851, '', '0.00', 0, 0, '371.00'),
(4852, '', '0.00', 0, 0, '189.00'),
(4853, '', '0.00', 0, 0, '812.00'),
(4854, '', '0.00', 0, 0, '203.00'),
(4855, '', '0.00', 0, 0, '203.00'),
(4856, '', '0.00', 0, 0, '147.00'),
(4857, '', '0.00', 0, 0, '196.00'),
(4858, '', '0.00', 0, 0, '196.00'),
(4859, '', '0.00', 0, 0, '241.50'),
(4860, '', '0.00', 0, 0, '220.50'),
(4861, '', '0.00', 0, 0, '234.50'),
(4862, '', '0.00', 0, 0, '280.00'),
(4863, '', '0.00', 0, 0, '210.00'),
(4864, '', '0.00', 0, 0, '180.95'),
(4865, '', '0.00', 0, 0, '369.59'),
(4866, '', '0.00', 0, 0, '378.00'),
(4867, '', '0.00', 0, 0, '264.38'),
(4868, '', '0.00', 0, 0, '219.56'),
(4869, '', '0.00', 0, 0, '63.00'),
(4870, '', '0.00', 0, 0, '63.00'),
(4871, '', '0.00', 0, 0, '173.36'),
(4872, '', '0.00', 0, 0, '219.56'),
(4873, '', '0.00', 0, 0, '94.08'),
(4874, '', '0.00', 0, 0, '143.44'),
(4875, '', '0.00', 0, 0, '143.44'),
(4876, '', '0.00', 0, 0, '116.20'),
(4877, '', '0.00', 0, 0, '116.20'),
(4878, '', '0.00', 0, 0, '313.60'),
(4879, '', '0.00', 0, 0, '245.70'),
(4880, '', '0.00', 0, 0, '241.80'),
(4881, '', '0.00', 0, 0, '191.10'),
(4882, '', '0.00', 0, 0, '165.10'),
(4883, '', '0.00', 0, 0, '140.40'),
(4884, '', '0.00', 0, 0, '97.50'),
(4885, '', '0.00', 0, 0, '119.60'),
(4886, '', '0.00', 0, 0, '49.45'),
(4887, '', '0.00', 0, 0, '325.00'),
(4888, '', '0.00', 0, 0, '100.10'),
(4889, '', '0.00', 0, 0, '100.31'),
(4890, '', '0.00', 0, 0, '81.74'),
(4891, '', '0.00', 0, 0, '110.50'),
(4892, '', '0.00', 0, 0, '59.80'),
(4893, '', '0.00', 0, 0, '31.85'),
(4894, '', '0.00', 0, 0, '31.85'),
(4895, '', '0.00', 0, 0, '520.00'),
(4896, '', '0.00', 0, 0, '1014.00'),
(4897, '', '0.00', 0, 0, '1202.50'),
(4898, '', '0.00', 0, 0, '91.00'),
(4899, '', '0.00', 0, 0, '322.92'),
(4900, '', '0.00', 0, 0, '13.00'),
(4901, '', '0.00', 0, 0, '69.63'),
(4902, '', '0.00', 0, 0, '617.50'),
(4903, '', '0.00', 0, 0, '546.00'),
(4904, '', '0.00', 0, 0, '637.00'),
(4905, '', '0.00', 0, 0, '637.00'),
(4906, '', '0.00', 0, 0, '1625.00'),
(4907, '', '0.00', 0, 0, '1614.60'),
(4908, '', '0.00', 0, 0, '572.00'),
(4909, '', '0.00', 0, 0, '2990.00'),
(4910, '', '0.00', 0, 0, '292.50'),
(4911, '', '0.00', 0, 0, '1755.00'),
(4912, '', '0.00', 0, 0, '2457.00'),
(4913, '', '0.00', 0, 0, '1144.00'),
(4914, '', '0.00', 0, 0, '4680.00'),
(4915, '', '0.00', 0, 0, '1.07'),
(4916, '', '0.00', 0, 0, '1170.00'),
(4917, '', '0.00', 0, 0, '429.00'),
(4918, '', '0.00', 0, 0, '429.00'),
(4919, '', '0.00', 0, 0, '643.50'),
(4920, '', '0.00', 0, 0, '715.00'),
(4921, '', '0.00', 0, 0, '1885.00'),
(4922, '', '0.00', 0, 0, '1606.80'),
(4923, '', '0.00', 0, 0, '1300.00'),
(4924, '', '0.00', 0, 0, '1606.80'),
(4925, '', '0.00', 0, 0, '715.00'),
(4926, '', '0.00', 0, 0, '549.76'),
(4927, '', '0.00', 0, 0, '240.50'),
(4928, '', '0.00', 0, 0, '240.50'),
(4929, '', '0.00', 0, 0, '1625.00'),
(4930, '', '0.00', 0, 0, '760.50'),
(4931, '', '0.00', 0, 0, '715.00'),
(4932, '', '0.00', 0, 0, '494.00'),
(4933, '', '0.00', 0, 0, '260.00'),
(4934, '', '0.00', 0, 0, '715.00'),
(4935, '', '0.00', 0, 0, '637.00'),
(4936, '', '0.00', 0, 0, '604.50'),
(4937, '', '0.00', 0, 0, '26.00'),
(4938, '', '0.00', 0, 0, '19.50'),
(4939, '', '0.00', 0, 0, '19.50'),
(4940, '', '0.00', 0, 0, '19.50'),
(4941, '', '0.00', 0, 0, '198.25'),
(4942, '', '0.00', 0, 0, '193.56'),
(4943, '', '0.00', 0, 0, '175.50'),
(4944, '', '0.00', 0, 0, '115.80'),
(4945, '', '0.00', 0, 0, '115.80'),
(4946, '', '0.00', 0, 0, '910.00'),
(4947, '', '0.00', 0, 0, '1105.00'),
(4948, '', '0.00', 0, 0, '115.80'),
(4949, '', '0.00', 0, 0, '405.60'),
(4950, '', '0.00', 0, 0, '1508.00'),
(4951, '', '0.00', 0, 0, '286.00'),
(4952, '', '0.00', 0, 0, '363.58'),
(4953, '', '0.00', 0, 0, '299.00'),
(4954, '', '0.00', 0, 0, '13.00'),
(4955, '', '0.00', 0, 0, '224.25'),
(4956, '', '0.00', 0, 0, '380.84'),
(4957, '', '0.00', 0, 0, '224.25'),
(4958, '', '0.00', 0, 0, '224.25'),
(4959, '', '0.00', 0, 0, '380.84'),
(4960, '', '0.00', 0, 0, '224.25'),
(4961, '', '0.00', 0, 0, '121.39'),
(4962, '', '0.00', 0, 0, '66.30'),
(4963, '', '0.00', 0, 0, '55.89'),
(4964, '', '0.00', 0, 0, '55.89'),
(4965, '', '0.00', 0, 0, '55.89'),
(4966, '', '0.00', 0, 0, '19.50'),
(4967, '', '0.00', 0, 0, '78.00'),
(4968, '', '0.00', 0, 0, '61.91'),
(4969, '', '0.00', 0, 0, '61.91'),
(4970, '', '0.00', 0, 0, '61.91'),
(4971, '', '0.00', 0, 0, '45.02'),
(4972, '', '0.00', 0, 0, '145.37'),
(4973, '', '0.00', 0, 0, '131.08'),
(4974, '', '0.00', 0, 0, '80.44'),
(4975, '', '0.00', 0, 0, '159.02'),
(4976, '', '0.00', 0, 0, '159.02'),
(4977, '', '0.00', 0, 0, '26.00'),
(4978, '', '0.00', 0, 0, '77.87'),
(4979, '', '0.00', 0, 0, '139.78'),
(4980, '', '0.00', 0, 0, '67.03'),
(4981, '', '0.00', 0, 0, '84.93'),
(4982, '', '0.00', 0, 0, '125.87'),
(4983, '', '0.00', 0, 0, '125.87'),
(4984, '', '0.00', 0, 0, '107.12'),
(4985, '', '0.00', 0, 0, '107.12'),
(4986, '', '0.00', 0, 0, '107.12'),
(4987, '', '0.00', 0, 0, '118.89'),
(4988, '', '0.00', 0, 0, '96.77'),
(4989, '', '0.00', 0, 0, '89.38'),
(4990, '', '0.00', 0, 0, '89.38'),
(4991, '', '0.00', 0, 0, '89.38'),
(4992, '', '0.00', 0, 0, '89.38'),
(4993, '', '0.00', 0, 0, '89.38'),
(4994, '', '0.00', 0, 0, '172.52'),
(4995, '', '0.00', 0, 0, '175.72'),
(4996, '', '0.00', 0, 0, '172.84'),
(4997, '', '0.00', 0, 0, '108.15'),
(4998, '', '0.00', 0, 0, '108.15'),
(4999, '', '0.00', 0, 0, '94.63'),
(5000, '', '0.00', 0, 0, '4.29'),
(5001, '', '0.00', 0, 0, '58.66'),
(5002, '', '0.00', 0, 0, '33.06'),
(5003, '', '0.00', 0, 0, '74.65'),
(5004, '', '0.00', 0, 0, '33.06'),
(5005, '', '0.00', 0, 0, '86.35'),
(5006, '', '0.00', 0, 0, '86.70'),
(5007, '', '0.00', 0, 0, '131.16'),
(5008, '', '0.00', 0, 0, '38.40'),
(5009, '', '0.00', 0, 0, '31.99'),
(5010, '', '0.00', 0, 0, '100.24'),
(5011, '', '0.00', 0, 0, '54.74'),
(5012, '', '0.00', 0, 0, '99.05'),
(5013, '', '0.00', 0, 0, '128.02'),
(5014, '', '0.00', 0, 0, '109.01'),
(5015, '', '0.00', 0, 0, '85.16'),
(5016, '', '0.00', 0, 0, '89.23'),
(5017, '', '0.00', 0, 0, '54.91'),
(5018, '', '0.00', 0, 0, '39.00'),
(5019, '', '0.00', 0, 0, '134.95'),
(5020, '', '0.00', 0, 0, '126.95'),
(5021, '', '0.00', 0, 0, '703.13'),
(5022, '', '0.00', 0, 0, '703.13'),
(5023, '', '0.00', 0, 0, '279.23'),
(5024, '', '0.00', 0, 0, '692.50'),
(5025, '', '0.00', 0, 0, '787.50'),
(5026, '', '0.00', 0, 0, '979.13'),
(5027, '', '0.00', 0, 0, '1516.25'),
(5028, '', '0.00', 0, 0, '15.17'),
(5029, '', '0.00', 0, 0, '500.00'),
(5030, '', '0.00', 0, 0, '912.50'),
(5031, '', '0.00', 0, 0, '687.50'),
(5032, '', '0.00', 0, 0, '1187.50'),
(5033, '', '0.00', 0, 0, '944.45'),
(5034, '', '0.00', 0, 0, '1184.50'),
(5035, '', '0.00', 0, 0, '899.45'),
(5036, '', '0.00', 0, 0, '816.00'),
(5037, '', '0.00', 0, 0, '701.70'),
(5038, '', '0.00', 0, 0, '68.38'),
(5039, '', '0.00', 0, 0, '1222.70'),
(5040, '', '0.00', 0, 0, '1113.75'),
(5041, '', '0.00', 0, 0, '1314.40'),
(5042, '', '0.00', 0, 0, '68.38'),
(5043, '', '0.00', 0, 0, '68.38'),
(5044, '', '0.00', 0, 0, '10.28'),
(5045, '', '0.00', 0, 0, '688.28'),
(5046, '', '0.00', 0, 0, '700.00'),
(5047, '', '0.00', 0, 0, '761.00'),
(5048, '', '0.00', 0, 0, '2.36'),
(5049, '', '0.00', 0, 0, '875.00'),
(5050, '', '0.00', 0, 0, '783.75'),
(5051, '', '0.00', 0, 0, '312.50'),
(5052, '', '0.00', 0, 0, '775.00'),
(5053, '', '0.00', 0, 0, '236.10'),
(5054, '', '0.00', 0, 0, '800.00'),
(5055, '', '0.00', 0, 0, '222.45'),
(5056, '', '0.00', 0, 0, '900.00'),
(5057, '', '0.00', 0, 0, '900.00'),
(5058, '', '0.00', 0, 0, '975.00'),
(5059, '', '0.00', 0, 0, '93.75'),
(5060, '', '0.00', 0, 0, '362.50'),
(5061, '', '0.00', 0, 0, '275.00'),
(5062, '', '0.00', 0, 0, '1.84'),
(5063, '', '0.00', 0, 0, '0.00'),
(5064, '', '0.00', 0, 0, '49.52'),
(5065, '', '0.00', 0, 0, '63.05'),
(5066, '', '0.00', 0, 0, '88.43'),
(5067, '', '0.00', 0, 0, '88.43'),
(5068, '', '0.00', 0, 0, '56.84'),
(5069, '', '0.00', 0, 0, '45.50'),
(5070, '', '0.00', 0, 0, '97.40'),
(5071, '', '0.00', 0, 0, '107.67'),
(5072, '', '0.00', 0, 0, '26.00'),
(5073, '', '0.00', 0, 0, '60.00'),
(5074, '', '0.00', 0, 0, '69.47'),
(5075, '', '0.00', 0, 0, '85.25'),
(5076, '', '0.00', 0, 0, '162.54'),
(5077, '', '0.00', 0, 0, '73.79'),
(5078, '', '0.00', 0, 0, '73.79'),
(5079, '', '0.00', 0, 0, '73.79'),
(5080, '', '0.00', 0, 0, '73.79'),
(5081, '', '0.00', 0, 0, '73.79'),
(5082, '', '0.00', 0, 0, '73.79'),
(5083, '', '0.00', 0, 0, '73.79'),
(5084, '', '0.00', 0, 0, '73.79'),
(5085, '', '0.00', 0, 0, '358.75'),
(5086, '', '0.00', 0, 0, '115.47'),
(5087, '', '0.00', 0, 0, '99.37'),
(5088, '', '0.00', 0, 0, '56.36'),
(5089, '', '0.00', 0, 0, '56.36'),
(5090, '', '0.00', 0, 0, '56.36'),
(5091, '', '0.00', 0, 0, '56.36'),
(5092, '', '0.00', 0, 0, '56.36'),
(5093, '', '0.00', 0, 0, '56.36'),
(5094, '', '0.00', 0, 0, '56.36'),
(5095, '', '0.00', 0, 0, '56.36'),
(5096, '', '0.00', 0, 0, '56.36'),
(5097, '', '0.00', 0, 0, '65.00'),
(5098, '', '0.00', 0, 0, '88.86'),
(5099, '', '0.00', 0, 0, '88.86'),
(5100, '', '0.00', 0, 0, '88.86'),
(5101, '', '0.00', 0, 0, '88.86'),
(5102, '', '0.00', 0, 0, '88.86'),
(5103, '', '0.00', 0, 0, '88.86'),
(5104, '', '0.00', 0, 0, '88.86'),
(5105, '', '0.00', 0, 0, '88.86'),
(5106, '', '0.00', 0, 0, '88.86'),
(5107, '', '0.00', 0, 0, '101.89'),
(5108, '', '0.00', 0, 0, '101.89'),
(5109, '', '0.00', 0, 0, '101.89'),
(5110, '', '0.00', 0, 0, '101.89'),
(5111, '', '0.00', 0, 0, '101.89'),
(5112, '', '0.00', 0, 0, '101.89'),
(5113, '', '0.00', 0, 0, '101.89'),
(5114, '', '0.00', 0, 0, '101.89'),
(5115, '', '0.00', 0, 0, '113.01'),
(5116, '', '0.00', 0, 0, '117.59'),
(5117, '', '0.00', 0, 0, '68.28'),
(5118, '', '0.00', 0, 0, '87.61'),
(5119, '', '0.00', 0, 0, '59.97'),
(5120, '', '0.00', 0, 0, '68.28'),
(5121, '', '0.00', 0, 0, '68.28'),
(5122, '', '0.00', 0, 0, '68.28'),
(5123, '', '0.00', 0, 0, '91.42'),
(5124, '', '0.00', 0, 0, '91.42'),
(5125, '', '0.00', 0, 0, '91.42'),
(5126, '', '0.00', 0, 0, '91.42'),
(5127, '', '0.00', 0, 0, '91.42'),
(5128, '', '0.00', 0, 0, '89.75'),
(5129, '', '0.00', 0, 0, '116.97'),
(5130, '', '0.00', 0, 0, '97.07'),
(5131, '', '0.00', 0, 0, '72.32'),
(5132, '', '0.00', 0, 0, '72.32'),
(5133, '', '0.00', 0, 0, '116.53'),
(5134, '', '0.00', 0, 0, '116.53'),
(5135, '', '0.00', 0, 0, '45.71'),
(5136, '', '0.00', 0, 0, '51.82'),
(5137, '', '0.00', 0, 0, '51.82'),
(5138, '', '0.00', 0, 0, '51.82'),
(5139, '', '0.00', 0, 0, '50.70'),
(5140, '', '0.00', 0, 0, '63.70'),
(5141, '', '0.00', 0, 0, '78.00'),
(5142, '', '0.00', 0, 0, '50.70'),
(5143, '', '0.00', 0, 0, '191.75'),
(5144, '', '0.00', 0, 0, '37.90'),
(5145, '', '0.00', 0, 0, '63.15'),
(5146, '', '0.00', 0, 0, '53.68'),
(5147, '', '0.00', 0, 0, '53.68'),
(5148, '', '0.00', 0, 0, '82.08'),
(5149, '', '0.00', 0, 0, '85.25'),
(5150, '', '0.00', 0, 0, '116.87'),
(5151, '', '0.00', 0, 0, '144.30'),
(5152, '', '0.00', 0, 0, '116.87'),
(5153, '', '0.00', 0, 0, '116.87'),
(5154, '', '0.00', 0, 0, '53.68'),
(5155, '', '0.00', 0, 0, '66.30'),
(5156, '', '0.00', 0, 0, '116.87'),
(5157, '', '0.00', 0, 0, '191.75'),
(5158, '', '0.00', 0, 0, '191.75'),
(5159, '', '0.00', 0, 0, '191.75'),
(5160, '', '0.00', 0, 0, '176.41'),
(5161, '', '0.00', 0, 0, '176.41'),
(5162, '', '0.00', 0, 0, '130.00'),
(5163, '', '0.00', 0, 0, '75.91'),
(5164, '', '0.00', 0, 0, '131.63'),
(5165, '', '0.00', 0, 0, '110.70'),
(5166, '', '0.00', 0, 0, '124.80'),
(5167, '', '0.00', 0, 0, '53.77'),
(5168, '', '0.00', 0, 0, '58.66'),
(5169, '', '0.00', 0, 0, '98.98'),
(5170, '', '0.00', 0, 0, '105.09'),
(5171, '', '0.00', 0, 0, '105.09'),
(5172, '', '0.00', 0, 0, '98.98'),
(5173, '', '0.00', 0, 0, '105.09'),
(5174, '', '0.00', 0, 0, '78.00'),
(5175, '', '0.00', 0, 0, '78.00'),
(5176, '', '0.00', 0, 0, '84.24'),
(5177, '', '0.00', 0, 0, '84.24'),
(5178, '', '0.00', 0, 0, '84.24'),
(5179, '', '0.00', 0, 0, '80.60'),
(5180, '', '0.00', 0, 0, '84.50'),
(5181, '', '0.00', 0, 0, '101.40'),
(5182, '', '0.00', 0, 0, '89.69'),
(5183, '', '0.00', 0, 0, '124.80'),
(5184, '', '0.00', 0, 0, '40.63'),
(5185, '', '0.00', 0, 0, '139.05'),
(5186, '', '0.00', 0, 0, '99.71'),
(5187, '', '0.00', 0, 0, '99.71'),
(5188, '', '0.00', 0, 0, '99.71'),
(5189, '', '0.00', 0, 0, '99.71'),
(5190, '', '0.00', 0, 0, '94.73'),
(5191, '', '0.00', 0, 0, '72.80'),
(5192, '', '0.00', 0, 0, '87.36'),
(5193, '', '0.00', 0, 0, '1690.00'),
(5194, '', '0.00', 0, 0, '94.73'),
(5195, '', '0.00', 0, 0, '116.97'),
(5196, '', '0.00', 0, 0, '116.97'),
(5197, '', '0.00', 0, 0, '94.73'),
(5198, '', '0.00', 0, 0, '94.73'),
(5199, '', '0.00', 0, 0, '99.71'),
(5200, '', '0.00', 0, 0, '60.00'),
(5201, '', '0.00', 0, 0, '60.00'),
(5202, '', '0.00', 0, 0, '60.00'),
(5203, '', '0.00', 0, 0, '50.00'),
(5204, '', '0.00', 0, 0, '50.00'),
(5205, '', '0.00', 0, 0, '69.99'),
(5206, '', '0.00', 0, 0, '60.01'),
(5207, '', '0.00', 0, 0, '60.01'),
(5208, '', '0.00', 0, 0, '70.01'),
(5209, '', '0.00', 0, 0, '60.01'),
(5210, '', '0.00', 0, 0, '69.99'),
(5211, '', '0.00', 0, 0, '69.99'),
(5212, '', '0.00', 0, 0, '49.97'),
(5213, '', '0.00', 0, 0, '6.50'),
(5214, '', '0.00', 0, 0, '13.00'),
(5215, '', '0.00', 0, 0, '65.00'),
(5216, '', '0.00', 0, 0, '65.00'),
(5217, '', '0.00', 0, 0, '1.93'),
(5218, '', '0.00', 0, 0, '240.96'),
(5219, '', '0.00', 0, 0, '419.90'),
(5220, '', '0.00', 0, 0, '31.25'),
(5221, '', '0.00', 0, 0, '234.38'),
(5222, '', '0.00', 0, 0, '481.25'),
(5223, '', '0.00', 0, 0, '105.60'),
(5224, '', '0.00', 0, 0, '105.60'),
(5225, '', '0.00', 0, 0, '576.00'),
(5226, '', '0.00', 0, 0, '225.60'),
(5227, '', '0.00', 0, 0, '249.60'),
(5228, '', '0.00', 0, 0, '142.50'),
(5229, '', '0.00', 0, 0, '106.20'),
(5230, '', '0.00', 0, 0, '576.00'),
(5231, '', '0.00', 0, 0, '492.00'),
(5232, '', '0.00', 0, 0, '136.80'),
(5233, '', '0.00', 0, 0, '764.40'),
(5234, '', '0.00', 0, 0, '350.00'),
(5235, '', '0.00', 0, 0, '406.00'),
(5236, '', '0.00', 0, 0, '602.00'),
(5237, '', '0.00', 0, 0, '350.00'),
(5238, '', '0.00', 0, 0, '665.00'),
(5239, '', '0.00', 0, 0, '252.00'),
(5240, '', '0.00', 0, 0, '238.00'),
(5241, '', '0.00', 0, 0, '315.00'),
(5242, '', '0.00', 0, 0, '196.88'),
(5243, '', '0.00', 0, 0, '371.00'),
(5244, '', '0.00', 0, 0, '189.00'),
(5245, '', '0.00', 0, 0, '812.00'),
(5246, '', '0.00', 0, 0, '203.00'),
(5247, '', '0.00', 0, 0, '203.00'),
(5248, '', '0.00', 0, 0, '147.00'),
(5249, '', '0.00', 0, 0, '196.00'),
(5250, '', '0.00', 0, 0, '196.00'),
(5251, '', '0.00', 0, 0, '241.50'),
(5252, '', '0.00', 0, 0, '220.50'),
(5253, '', '0.00', 0, 0, '234.50'),
(5254, '', '0.00', 0, 0, '280.00'),
(5255, '', '0.00', 0, 0, '210.00'),
(5256, '', '0.00', 0, 0, '180.95'),
(5257, '', '0.00', 0, 0, '369.59'),
(5258, '', '0.00', 0, 0, '378.00'),
(5259, '', '0.00', 0, 0, '264.38'),
(5260, '', '0.00', 0, 0, '219.56'),
(5261, '', '0.00', 0, 0, '63.00'),
(5262, '', '0.00', 0, 0, '63.00'),
(5263, '', '0.00', 0, 0, '173.36'),
(5264, '', '0.00', 0, 0, '219.56'),
(5265, '', '0.00', 0, 0, '94.08'),
(5266, '', '0.00', 0, 0, '143.44'),
(5267, '', '0.00', 0, 0, '143.44'),
(5268, '', '0.00', 0, 0, '116.20'),
(5269, '', '0.00', 0, 0, '116.20'),
(5270, '', '0.00', 0, 0, '313.60'),
(5271, '', '0.00', 0, 0, '245.70'),
(5272, '', '0.00', 0, 0, '241.80'),
(5273, '', '0.00', 0, 0, '191.10'),
(5274, '', '0.00', 0, 0, '165.10'),
(5275, '', '0.00', 0, 0, '140.40'),
(5276, '', '0.00', 0, 0, '97.50'),
(5277, '', '0.00', 0, 0, '119.60'),
(5278, '', '0.00', 0, 0, '49.45'),
(5279, '', '0.00', 0, 0, '325.00'),
(5280, '', '0.00', 0, 0, '100.10'),
(5281, '', '0.00', 0, 0, '100.31'),
(5282, '', '0.00', 0, 0, '81.74'),
(5283, '', '0.00', 0, 0, '110.50'),
(5284, '', '0.00', 0, 0, '59.80'),
(5285, '', '0.00', 0, 0, '31.85'),
(5286, '', '0.00', 0, 0, '31.85'),
(5287, '', '0.00', 0, 0, '520.00'),
(5288, '', '0.00', 0, 0, '1014.00'),
(5289, '', '0.00', 0, 0, '1202.50'),
(5290, '', '0.00', 0, 0, '91.00'),
(5291, '', '0.00', 0, 0, '322.92'),
(5292, '', '0.00', 0, 0, '13.00'),
(5293, '', '0.00', 0, 0, '69.63'),
(5294, '', '0.00', 0, 0, '617.50'),
(5295, '', '0.00', 0, 0, '546.00'),
(5296, '', '0.00', 0, 0, '637.00'),
(5297, '', '0.00', 0, 0, '637.00'),
(5298, '', '0.00', 0, 0, '1625.00'),
(5299, '', '0.00', 0, 0, '1614.60'),
(5300, '', '0.00', 0, 0, '572.00'),
(5301, '', '0.00', 0, 0, '2990.00'),
(5302, '', '0.00', 0, 0, '292.50'),
(5303, '', '0.00', 0, 0, '1755.00'),
(5304, '', '0.00', 0, 0, '2457.00'),
(5305, '', '0.00', 0, 0, '1144.00'),
(5306, '', '0.00', 0, 0, '4680.00'),
(5307, '', '0.00', 0, 0, '1.07'),
(5308, '', '0.00', 0, 0, '1170.00'),
(5309, '', '0.00', 0, 0, '429.00'),
(5310, '', '0.00', 0, 0, '429.00'),
(5311, '', '0.00', 0, 0, '643.50'),
(5312, '', '0.00', 0, 0, '715.00'),
(5313, '', '0.00', 0, 0, '1885.00'),
(5314, '', '0.00', 0, 0, '1606.80'),
(5315, '', '0.00', 0, 0, '1300.00'),
(5316, '', '0.00', 0, 0, '1606.80'),
(5317, '', '0.00', 0, 0, '715.00'),
(5318, '', '0.00', 0, 0, '549.76'),
(5319, '', '0.00', 0, 0, '240.50'),
(5320, '', '0.00', 0, 0, '240.50'),
(5321, '', '0.00', 0, 0, '1625.00'),
(5322, '', '0.00', 0, 0, '760.50'),
(5323, '', '0.00', 0, 0, '715.00'),
(5324, '', '0.00', 0, 0, '494.00'),
(5325, '', '0.00', 0, 0, '260.00'),
(5326, '', '0.00', 0, 0, '715.00'),
(5327, '', '0.00', 0, 0, '637.00'),
(5328, '', '0.00', 0, 0, '604.50'),
(5329, '', '0.00', 0, 0, '26.00'),
(5330, '', '0.00', 0, 0, '19.50'),
(5331, '', '0.00', 0, 0, '19.50'),
(5332, '', '0.00', 0, 0, '19.50'),
(5333, '', '0.00', 0, 0, '198.25'),
(5334, '', '0.00', 0, 0, '193.56'),
(5335, '', '0.00', 0, 0, '175.50'),
(5336, '', '0.00', 0, 0, '115.80'),
(5337, '', '0.00', 0, 0, '115.80'),
(5338, '', '0.00', 0, 0, '910.00'),
(5339, '', '0.00', 0, 0, '1105.00'),
(5340, '', '0.00', 0, 0, '115.80'),
(5341, '', '0.00', 0, 0, '405.60'),
(5342, '', '0.00', 0, 0, '1508.00'),
(5343, '', '0.00', 0, 0, '286.00'),
(5344, '', '0.00', 0, 0, '363.58'),
(5345, '', '0.00', 0, 0, '299.00'),
(5346, '', '0.00', 0, 0, '13.00'),
(5347, '', '0.00', 0, 0, '224.25'),
(5348, '', '0.00', 0, 0, '380.84'),
(5349, '', '0.00', 0, 0, '224.25'),
(5350, '', '0.00', 0, 0, '224.25'),
(5351, '', '0.00', 0, 0, '380.84'),
(5352, '', '0.00', 0, 0, '224.25'),
(5353, '', '0.00', 0, 0, '121.39'),
(5354, '', '0.00', 0, 0, '66.30'),
(5355, '', '0.00', 0, 0, '55.89'),
(5356, '', '0.00', 0, 0, '55.89'),
(5357, '', '0.00', 0, 0, '55.89'),
(5358, '', '0.00', 0, 0, '19.50'),
(5359, '', '0.00', 0, 0, '78.00'),
(5360, '', '0.00', 0, 0, '61.91'),
(5361, '', '0.00', 0, 0, '61.91'),
(5362, '', '0.00', 0, 0, '61.91'),
(5363, '', '0.00', 0, 0, '45.02'),
(5364, '', '0.00', 0, 0, '145.37'),
(5365, '', '0.00', 0, 0, '131.08'),
(5366, '', '0.00', 0, 0, '80.44'),
(5367, '', '0.00', 0, 0, '159.02'),
(5368, '', '0.00', 0, 0, '159.02'),
(5369, '', '0.00', 0, 0, '26.00'),
(5370, '', '0.00', 0, 0, '77.87'),
(5371, '', '0.00', 0, 0, '139.78'),
(5372, '', '0.00', 0, 0, '67.03'),
(5373, '', '0.00', 0, 0, '84.93'),
(5374, '', '0.00', 0, 0, '125.87'),
(5375, '', '0.00', 0, 0, '125.87'),
(5376, '', '0.00', 0, 0, '107.12'),
(5377, '', '0.00', 0, 0, '107.12'),
(5378, '', '0.00', 0, 0, '107.12'),
(5379, '', '0.00', 0, 0, '118.89'),
(5380, '', '0.00', 0, 0, '96.77'),
(5381, '', '0.00', 0, 0, '89.38'),
(5382, '', '0.00', 0, 0, '89.38'),
(5383, '', '0.00', 0, 0, '89.38'),
(5384, '', '0.00', 0, 0, '89.38'),
(5385, '', '0.00', 0, 0, '89.38'),
(5386, '', '0.00', 0, 0, '172.52'),
(5387, '', '0.00', 0, 0, '175.72'),
(5388, '', '0.00', 0, 0, '172.84'),
(5389, '', '0.00', 0, 0, '108.15'),
(5390, '', '0.00', 0, 0, '108.15'),
(5391, '', '0.00', 0, 0, '94.63'),
(5392, '', '0.00', 0, 0, '4.29'),
(5393, '', '0.00', 0, 0, '58.66'),
(5394, '', '0.00', 0, 0, '33.06'),
(5395, '', '0.00', 0, 0, '74.65'),
(5396, '', '0.00', 0, 0, '33.06'),
(5397, '', '0.00', 0, 0, '86.35'),
(5398, '', '0.00', 0, 0, '86.70'),
(5399, '', '0.00', 0, 0, '131.16'),
(5400, '', '0.00', 0, 0, '38.40'),
(5401, '', '0.00', 0, 0, '31.99'),
(5402, '', '0.00', 0, 0, '100.24'),
(5403, '', '0.00', 0, 0, '54.74'),
(5404, '', '0.00', 0, 0, '99.05'),
(5405, '', '0.00', 0, 0, '128.02'),
(5406, '', '0.00', 0, 0, '109.01'),
(5407, '', '0.00', 0, 0, '85.16'),
(5408, '', '0.00', 0, 0, '89.23'),
(5409, '', '0.00', 0, 0, '54.91'),
(5410, '', '0.00', 0, 0, '39.00'),
(5411, '', '0.00', 0, 0, '134.95'),
(5412, '', '0.00', 0, 0, '126.95'),
(5413, '', '0.00', 0, 0, '703.13'),
(5414, '', '0.00', 0, 0, '703.13'),
(5415, '', '0.00', 0, 0, '279.23'),
(5416, '', '0.00', 0, 0, '692.50'),
(5417, '', '0.00', 0, 0, '787.50'),
(5418, '', '0.00', 0, 0, '979.13'),
(5419, '', '0.00', 0, 0, '1516.25'),
(5420, '', '0.00', 0, 0, '15.17'),
(5421, '', '0.00', 0, 0, '500.00'),
(5422, '', '0.00', 0, 0, '912.50'),
(5423, '', '0.00', 0, 0, '687.50'),
(5424, '', '0.00', 0, 0, '1187.50'),
(5425, '', '0.00', 0, 0, '944.45'),
(5426, '', '0.00', 0, 0, '1184.50'),
(5427, '', '0.00', 0, 0, '899.45'),
(5428, '', '0.00', 0, 0, '816.00'),
(5429, '', '0.00', 0, 0, '701.70'),
(5430, '', '0.00', 0, 0, '68.38'),
(5431, '', '0.00', 0, 0, '1222.70'),
(5432, '', '0.00', 0, 0, '1113.75'),
(5433, '', '0.00', 0, 0, '1314.40'),
(5434, '', '0.00', 0, 0, '68.38'),
(5435, '', '0.00', 0, 0, '68.38'),
(5436, '', '0.00', 0, 0, '10.28'),
(5437, '', '0.00', 0, 0, '688.28'),
(5438, '', '0.00', 0, 0, '700.00'),
(5439, '', '0.00', 0, 0, '761.00'),
(5440, '', '0.00', 0, 0, '2.36'),
(5441, '', '0.00', 0, 0, '875.00'),
(5442, '', '0.00', 0, 0, '783.75'),
(5443, '', '0.00', 0, 0, '312.50'),
(5444, '', '0.00', 0, 0, '775.00'),
(5445, '', '0.00', 0, 0, '236.10'),
(5446, '', '0.00', 0, 0, '800.00'),
(5447, '', '0.00', 0, 0, '222.45'),
(5448, '', '0.00', 0, 0, '900.00'),
(5449, '', '0.00', 0, 0, '900.00'),
(5450, '', '0.00', 0, 0, '975.00'),
(5451, '', '0.00', 0, 0, '93.75'),
(5452, '', '0.00', 0, 0, '362.50'),
(5453, '', '0.00', 0, 0, '275.00'),
(5454, '', '0.00', 0, 0, '1.84'),
(5455, '', '0.00', 0, 0, '0.00'),
(5456, '', '0.00', 0, 0, '49.52'),
(5457, '', '0.00', 0, 0, '63.05'),
(5458, '', '0.00', 0, 0, '88.43'),
(5459, '', '0.00', 0, 0, '88.43'),
(5460, '', '0.00', 0, 0, '56.84'),
(5461, '', '0.00', 0, 0, '45.50'),
(5462, '', '0.00', 0, 0, '97.40'),
(5463, '', '0.00', 0, 0, '107.67'),
(5464, '', '0.00', 0, 0, '26.00'),
(5465, '', '0.00', 0, 0, '60.00'),
(5466, '', '0.00', 0, 0, '69.47'),
(5467, '', '0.00', 0, 0, '85.25');
INSERT INTO `productos` (`id_producto`, `nombre_producto`, `costo_producto`, `id_categoria`, `cantidad_producto`, `precio_producto`) VALUES
(5468, '', '0.00', 0, 0, '162.54'),
(5469, '', '0.00', 0, 0, '73.79'),
(5470, '', '0.00', 0, 0, '73.79'),
(5471, '', '0.00', 0, 0, '73.79'),
(5472, '', '0.00', 0, 0, '73.79'),
(5473, '', '0.00', 0, 0, '73.79'),
(5474, '', '0.00', 0, 0, '73.79'),
(5475, '', '0.00', 0, 0, '73.79'),
(5476, '', '0.00', 0, 0, '73.79'),
(5477, '', '0.00', 0, 0, '358.75'),
(5478, '', '0.00', 0, 0, '115.47'),
(5479, '', '0.00', 0, 0, '99.37'),
(5480, '', '0.00', 0, 0, '56.36'),
(5481, '', '0.00', 0, 0, '56.36'),
(5482, '', '0.00', 0, 0, '56.36'),
(5483, '', '0.00', 0, 0, '56.36'),
(5484, '', '0.00', 0, 0, '56.36'),
(5485, '', '0.00', 0, 0, '56.36'),
(5486, '', '0.00', 0, 0, '56.36'),
(5487, '', '0.00', 0, 0, '56.36'),
(5488, '', '0.00', 0, 0, '56.36'),
(5489, '', '0.00', 0, 0, '65.00'),
(5490, '', '0.00', 0, 0, '88.86'),
(5491, '', '0.00', 0, 0, '88.86'),
(5492, '', '0.00', 0, 0, '88.86'),
(5493, '', '0.00', 0, 0, '88.86'),
(5494, '', '0.00', 0, 0, '88.86'),
(5495, '', '0.00', 0, 0, '88.86'),
(5496, '', '0.00', 0, 0, '88.86'),
(5497, '', '0.00', 0, 0, '88.86'),
(5498, '', '0.00', 0, 0, '88.86'),
(5499, '', '0.00', 0, 0, '101.89'),
(5500, '', '0.00', 0, 0, '101.89'),
(5501, '', '0.00', 0, 0, '101.89'),
(5502, '', '0.00', 0, 0, '101.89'),
(5503, '', '0.00', 0, 0, '101.89'),
(5504, '', '0.00', 0, 0, '101.89'),
(5505, '', '0.00', 0, 0, '101.89'),
(5506, '', '0.00', 0, 0, '101.89'),
(5507, '', '0.00', 0, 0, '113.01'),
(5508, '', '0.00', 0, 0, '117.59'),
(5509, '', '0.00', 0, 0, '68.28'),
(5510, '', '0.00', 0, 0, '87.61'),
(5511, '', '0.00', 0, 0, '59.97'),
(5512, '', '0.00', 0, 0, '68.28'),
(5513, '', '0.00', 0, 0, '68.28'),
(5514, '', '0.00', 0, 0, '68.28'),
(5515, '', '0.00', 0, 0, '91.42'),
(5516, '', '0.00', 0, 0, '91.42'),
(5517, '', '0.00', 0, 0, '91.42'),
(5518, '', '0.00', 0, 0, '91.42'),
(5519, '', '0.00', 0, 0, '91.42'),
(5520, '', '0.00', 0, 0, '89.75'),
(5521, '', '0.00', 0, 0, '116.97'),
(5522, '', '0.00', 0, 0, '97.07'),
(5523, '', '0.00', 0, 0, '72.32'),
(5524, '', '0.00', 0, 0, '72.32'),
(5525, '', '0.00', 0, 0, '116.53'),
(5526, '', '0.00', 0, 0, '116.53'),
(5527, '', '0.00', 0, 0, '45.71'),
(5528, '', '0.00', 0, 0, '51.82'),
(5529, '', '0.00', 0, 0, '51.82'),
(5530, '', '0.00', 0, 0, '51.82'),
(5531, '', '0.00', 0, 0, '50.70'),
(5532, '', '0.00', 0, 0, '63.70'),
(5533, '', '0.00', 0, 0, '78.00'),
(5534, '', '0.00', 0, 0, '50.70'),
(5535, '', '0.00', 0, 0, '191.75'),
(5536, '', '0.00', 0, 0, '37.90'),
(5537, '', '0.00', 0, 0, '63.15'),
(5538, '', '0.00', 0, 0, '53.68'),
(5539, '', '0.00', 0, 0, '53.68'),
(5540, '', '0.00', 0, 0, '82.08'),
(5541, '', '0.00', 0, 0, '85.25'),
(5542, '', '0.00', 0, 0, '116.87'),
(5543, '', '0.00', 0, 0, '144.30'),
(5544, '', '0.00', 0, 0, '116.87'),
(5545, '', '0.00', 0, 0, '116.87'),
(5546, '', '0.00', 0, 0, '53.68'),
(5547, '', '0.00', 0, 0, '66.30'),
(5548, '', '0.00', 0, 0, '116.87'),
(5549, '', '0.00', 0, 0, '191.75'),
(5550, '', '0.00', 0, 0, '191.75'),
(5551, '', '0.00', 0, 0, '191.75'),
(5552, '', '0.00', 0, 0, '176.41'),
(5553, '', '0.00', 0, 0, '176.41'),
(5554, '', '0.00', 0, 0, '130.00'),
(5555, '', '0.00', 0, 0, '75.91'),
(5556, '', '0.00', 0, 0, '131.63'),
(5557, '', '0.00', 0, 0, '110.70'),
(5558, '', '0.00', 0, 0, '124.80'),
(5559, '', '0.00', 0, 0, '53.77'),
(5560, '', '0.00', 0, 0, '58.66'),
(5561, '', '0.00', 0, 0, '98.98'),
(5562, '', '0.00', 0, 0, '105.09'),
(5563, '', '0.00', 0, 0, '105.09'),
(5564, '', '0.00', 0, 0, '98.98'),
(5565, '', '0.00', 0, 0, '105.09'),
(5566, '', '0.00', 0, 0, '78.00'),
(5567, '', '0.00', 0, 0, '78.00'),
(5568, '', '0.00', 0, 0, '84.24'),
(5569, '', '0.00', 0, 0, '84.24'),
(5570, '', '0.00', 0, 0, '84.24'),
(5571, '', '0.00', 0, 0, '80.60'),
(5572, '', '0.00', 0, 0, '84.50'),
(5573, '', '0.00', 0, 0, '101.40'),
(5574, '', '0.00', 0, 0, '89.69'),
(5575, '', '0.00', 0, 0, '124.80'),
(5576, '', '0.00', 0, 0, '40.63'),
(5577, '', '0.00', 0, 0, '139.05'),
(5578, '', '0.00', 0, 0, '99.71'),
(5579, '', '0.00', 0, 0, '99.71'),
(5580, '', '0.00', 0, 0, '99.71'),
(5581, '', '0.00', 0, 0, '99.71'),
(5582, '', '0.00', 0, 0, '94.73'),
(5583, '', '0.00', 0, 0, '72.80'),
(5584, '', '0.00', 0, 0, '87.36'),
(5585, '', '0.00', 0, 0, '1690.00'),
(5586, '', '0.00', 0, 0, '94.73'),
(5587, '', '0.00', 0, 0, '116.97'),
(5588, '', '0.00', 0, 0, '116.97'),
(5589, '', '0.00', 0, 0, '94.73'),
(5590, '', '0.00', 0, 0, '94.73'),
(5591, '', '0.00', 0, 0, '99.71'),
(5592, '', '0.00', 0, 0, '60.00'),
(5593, '', '0.00', 0, 0, '60.00'),
(5594, '', '0.00', 0, 0, '60.00'),
(5595, '', '0.00', 0, 0, '50.00'),
(5596, '', '0.00', 0, 0, '50.00'),
(5597, '', '0.00', 0, 0, '69.99'),
(5598, '', '0.00', 0, 0, '60.01'),
(5599, '', '0.00', 0, 0, '60.01'),
(5600, '', '0.00', 0, 0, '70.01'),
(5601, '', '0.00', 0, 0, '60.01'),
(5602, '', '0.00', 0, 0, '69.99'),
(5603, '', '0.00', 0, 0, '69.99'),
(5604, '', '0.00', 0, 0, '49.97'),
(5605, '', '0.00', 0, 0, '6.50'),
(5606, '', '0.00', 0, 0, '13.00'),
(5607, '', '0.00', 0, 0, '65.00'),
(5608, '', '0.00', 0, 0, '65.00'),
(5609, '', '0.00', 0, 0, '1.93'),
(5610, '', '0.00', 0, 0, '240.96'),
(5611, '', '0.00', 0, 0, '419.90'),
(5612, '', '0.00', 0, 0, '31.25'),
(5613, '', '0.00', 0, 0, '234.38'),
(5614, '', '0.00', 0, 0, '481.25'),
(5615, '', '0.00', 0, 0, '105.60'),
(5616, '', '0.00', 0, 0, '105.60'),
(5617, '', '0.00', 0, 0, '576.00'),
(5618, '', '0.00', 0, 0, '225.60'),
(5619, '', '0.00', 0, 0, '249.60'),
(5620, '', '0.00', 0, 0, '142.50'),
(5621, '', '0.00', 0, 0, '106.20'),
(5622, '', '0.00', 0, 0, '576.00'),
(5623, '', '0.00', 0, 0, '492.00'),
(5624, '', '0.00', 0, 0, '136.80'),
(5625, '', '0.00', 0, 0, '764.40'),
(5626, '', '0.00', 0, 0, '350.00'),
(5627, '', '0.00', 0, 0, '406.00'),
(5628, '', '0.00', 0, 0, '602.00'),
(5629, '', '0.00', 0, 0, '350.00'),
(5630, '', '0.00', 0, 0, '665.00'),
(5631, '', '0.00', 0, 0, '252.00'),
(5632, '', '0.00', 0, 0, '238.00'),
(5633, '', '0.00', 0, 0, '315.00'),
(5634, '', '0.00', 0, 0, '196.88'),
(5635, '', '0.00', 0, 0, '371.00'),
(5636, '', '0.00', 0, 0, '189.00'),
(5637, '', '0.00', 0, 0, '812.00'),
(5638, '', '0.00', 0, 0, '203.00'),
(5639, '', '0.00', 0, 0, '203.00'),
(5640, '', '0.00', 0, 0, '147.00'),
(5641, '', '0.00', 0, 0, '196.00'),
(5642, '', '0.00', 0, 0, '196.00'),
(5643, '', '0.00', 0, 0, '241.50'),
(5644, '', '0.00', 0, 0, '220.50'),
(5645, '', '0.00', 0, 0, '234.50'),
(5646, '', '0.00', 0, 0, '280.00'),
(5647, '', '0.00', 0, 0, '210.00'),
(5648, '', '0.00', 0, 0, '180.95'),
(5649, '', '0.00', 0, 0, '369.59'),
(5650, '', '0.00', 0, 0, '378.00'),
(5651, '', '0.00', 0, 0, '264.38'),
(5652, '', '0.00', 0, 0, '219.56'),
(5653, '', '0.00', 0, 0, '63.00'),
(5654, '', '0.00', 0, 0, '63.00'),
(5655, '', '0.00', 0, 0, '173.36'),
(5656, '', '0.00', 0, 0, '219.56'),
(5657, '', '0.00', 0, 0, '94.08'),
(5658, '', '0.00', 0, 0, '143.44'),
(5659, '', '0.00', 0, 0, '143.44'),
(5660, '', '0.00', 0, 0, '116.20'),
(5661, '', '0.00', 0, 0, '116.20'),
(5662, '', '0.00', 0, 0, '313.60'),
(5663, '', '0.00', 0, 0, '245.70'),
(5664, '', '0.00', 0, 0, '241.80'),
(5665, '', '0.00', 0, 0, '191.10'),
(5666, '', '0.00', 0, 0, '165.10'),
(5667, '', '0.00', 0, 0, '140.40'),
(5668, '', '0.00', 0, 0, '97.50'),
(5669, '', '0.00', 0, 0, '119.60'),
(5670, '', '0.00', 0, 0, '49.45'),
(5671, '', '0.00', 0, 0, '325.00'),
(5672, '', '0.00', 0, 0, '100.10'),
(5673, '', '0.00', 0, 0, '100.31'),
(5674, '', '0.00', 0, 0, '81.74'),
(5675, '', '0.00', 0, 0, '110.50'),
(5676, '', '0.00', 0, 0, '59.80'),
(5677, '', '0.00', 0, 0, '31.85'),
(5678, '', '0.00', 0, 0, '31.85'),
(5679, '', '0.00', 0, 0, '520.00'),
(5680, '', '0.00', 0, 0, '1014.00'),
(5681, '', '0.00', 0, 0, '1202.50'),
(5682, '', '0.00', 0, 0, '91.00'),
(5683, '', '0.00', 0, 0, '322.92'),
(5684, '', '0.00', 0, 0, '13.00'),
(5685, '', '0.00', 0, 0, '69.63'),
(5686, '', '0.00', 0, 0, '617.50'),
(5687, '', '0.00', 0, 0, '546.00'),
(5688, '', '0.00', 0, 0, '637.00'),
(5689, '', '0.00', 0, 0, '637.00'),
(5690, '', '0.00', 0, 0, '1625.00'),
(5691, '', '0.00', 0, 0, '1614.60'),
(5692, '', '0.00', 0, 0, '572.00'),
(5693, '', '0.00', 0, 0, '2990.00'),
(5694, '', '0.00', 0, 0, '292.50'),
(5695, '', '0.00', 0, 0, '1755.00'),
(5696, '', '0.00', 0, 0, '2457.00'),
(5697, '', '0.00', 0, 0, '1144.00'),
(5698, '', '0.00', 0, 0, '4680.00'),
(5699, '', '0.00', 0, 0, '1.07'),
(5700, '', '0.00', 0, 0, '1170.00'),
(5701, '', '0.00', 0, 0, '429.00'),
(5702, '', '0.00', 0, 0, '429.00'),
(5703, '', '0.00', 0, 0, '643.50'),
(5704, '', '0.00', 0, 0, '715.00'),
(5705, '', '0.00', 0, 0, '1885.00'),
(5706, '', '0.00', 0, 0, '1606.80'),
(5707, '', '0.00', 0, 0, '1300.00'),
(5708, '', '0.00', 0, 0, '1606.80'),
(5709, '', '0.00', 0, 0, '715.00'),
(5710, '', '0.00', 0, 0, '549.76'),
(5711, '', '0.00', 0, 0, '240.50'),
(5712, '', '0.00', 0, 0, '240.50'),
(5713, '', '0.00', 0, 0, '1625.00'),
(5714, '', '0.00', 0, 0, '760.50'),
(5715, '', '0.00', 0, 0, '715.00'),
(5716, '', '0.00', 0, 0, '494.00'),
(5717, '', '0.00', 0, 0, '260.00'),
(5718, '', '0.00', 0, 0, '715.00'),
(5719, '', '0.00', 0, 0, '637.00'),
(5720, '', '0.00', 0, 0, '604.50'),
(5721, '', '0.00', 0, 0, '26.00'),
(5722, '', '0.00', 0, 0, '19.50'),
(5723, '', '0.00', 0, 0, '19.50'),
(5724, '', '0.00', 0, 0, '19.50'),
(5725, '', '0.00', 0, 0, '198.25'),
(5726, '', '0.00', 0, 0, '193.56'),
(5727, '', '0.00', 0, 0, '175.50'),
(5728, '', '0.00', 0, 0, '115.80'),
(5729, '', '0.00', 0, 0, '115.80'),
(5730, '', '0.00', 0, 0, '910.00'),
(5731, '', '0.00', 0, 0, '1105.00'),
(5732, '', '0.00', 0, 0, '115.80'),
(5733, '', '0.00', 0, 0, '405.60'),
(5734, '', '0.00', 0, 0, '1508.00'),
(5735, '', '0.00', 0, 0, '286.00'),
(5736, '', '0.00', 0, 0, '363.58'),
(5737, '', '0.00', 0, 0, '299.00'),
(5738, '', '0.00', 0, 0, '13.00'),
(5739, '', '0.00', 0, 0, '224.25'),
(5740, '', '0.00', 0, 0, '380.84'),
(5741, '', '0.00', 0, 0, '224.25'),
(5742, '', '0.00', 0, 0, '224.25'),
(5743, '', '0.00', 0, 0, '380.84'),
(5744, '', '0.00', 0, 0, '224.25'),
(5745, '', '0.00', 0, 0, '121.39'),
(5746, '', '0.00', 0, 0, '66.30'),
(5747, '', '0.00', 0, 0, '55.89'),
(5748, '', '0.00', 0, 0, '55.89'),
(5749, '', '0.00', 0, 0, '55.89'),
(5750, '', '0.00', 0, 0, '19.50'),
(5751, '', '0.00', 0, 0, '78.00'),
(5752, '', '0.00', 0, 0, '61.91'),
(5753, '', '0.00', 0, 0, '61.91'),
(5754, '', '0.00', 0, 0, '61.91'),
(5755, '', '0.00', 0, 0, '45.02'),
(5756, '', '0.00', 0, 0, '145.37'),
(5757, '', '0.00', 0, 0, '131.08'),
(5758, '', '0.00', 0, 0, '80.44'),
(5759, '', '0.00', 0, 0, '159.02'),
(5760, '', '0.00', 0, 0, '159.02'),
(5761, '', '0.00', 0, 0, '26.00'),
(5762, '', '0.00', 0, 0, '77.87'),
(5763, '', '0.00', 0, 0, '139.78'),
(5764, '', '0.00', 0, 0, '67.03'),
(5765, '', '0.00', 0, 0, '84.93'),
(5766, '', '0.00', 0, 0, '125.87'),
(5767, '', '0.00', 0, 0, '125.87'),
(5768, '', '0.00', 0, 0, '107.12'),
(5769, '', '0.00', 0, 0, '107.12'),
(5770, '', '0.00', 0, 0, '107.12'),
(5771, '', '0.00', 0, 0, '118.89'),
(5772, '', '0.00', 0, 0, '96.77'),
(5773, '', '0.00', 0, 0, '89.38'),
(5774, '', '0.00', 0, 0, '89.38'),
(5775, '', '0.00', 0, 0, '89.38'),
(5776, '', '0.00', 0, 0, '89.38'),
(5777, '', '0.00', 0, 0, '89.38'),
(5778, '', '0.00', 0, 0, '172.52'),
(5779, '', '0.00', 0, 0, '175.72'),
(5780, '', '0.00', 0, 0, '172.84'),
(5781, '', '0.00', 0, 0, '108.15'),
(5782, '', '0.00', 0, 0, '108.15'),
(5783, '', '0.00', 0, 0, '94.63'),
(5784, '', '0.00', 0, 0, '4.29'),
(5785, '', '0.00', 0, 0, '58.66'),
(5786, '', '0.00', 0, 0, '33.06'),
(5787, '', '0.00', 0, 0, '74.65'),
(5788, '', '0.00', 0, 0, '33.06'),
(5789, '', '0.00', 0, 0, '86.35'),
(5790, '', '0.00', 0, 0, '86.70'),
(5791, '', '0.00', 0, 0, '131.16'),
(5792, '', '0.00', 0, 0, '38.40'),
(5793, '', '0.00', 0, 0, '31.99'),
(5794, '', '0.00', 0, 0, '100.24'),
(5795, '', '0.00', 0, 0, '54.74'),
(5796, '', '0.00', 0, 0, '99.05'),
(5797, '', '0.00', 0, 0, '128.02'),
(5798, '', '0.00', 0, 0, '109.01'),
(5799, '', '0.00', 0, 0, '85.16'),
(5800, '', '0.00', 0, 0, '89.23'),
(5801, '', '0.00', 0, 0, '54.91'),
(5802, '', '0.00', 0, 0, '39.00'),
(5803, '', '0.00', 0, 0, '134.95'),
(5804, '', '0.00', 0, 0, '126.95'),
(5805, '', '0.00', 0, 0, '703.13'),
(5806, '', '0.00', 0, 0, '703.13'),
(5807, '', '0.00', 0, 0, '279.23'),
(5808, '', '0.00', 0, 0, '692.50'),
(5809, '', '0.00', 0, 0, '787.50'),
(5810, '', '0.00', 0, 0, '979.13'),
(5811, '', '0.00', 0, 0, '1516.25'),
(5812, '', '0.00', 0, 0, '15.17'),
(5813, '', '0.00', 0, 0, '500.00'),
(5814, '', '0.00', 0, 0, '912.50'),
(5815, '', '0.00', 0, 0, '687.50'),
(5816, '', '0.00', 0, 0, '1187.50'),
(5817, '', '0.00', 0, 0, '944.45'),
(5818, '', '0.00', 0, 0, '1184.50'),
(5819, '', '0.00', 0, 0, '899.45'),
(5820, '', '0.00', 0, 0, '816.00'),
(5821, '', '0.00', 0, 0, '701.70'),
(5822, '', '0.00', 0, 0, '68.38'),
(5823, '', '0.00', 0, 0, '1222.70'),
(5824, '', '0.00', 0, 0, '1113.75'),
(5825, '', '0.00', 0, 0, '1314.40'),
(5826, '', '0.00', 0, 0, '68.38'),
(5827, '', '0.00', 0, 0, '68.38'),
(5828, '', '0.00', 0, 0, '10.28'),
(5829, '', '0.00', 0, 0, '688.28'),
(5830, '', '0.00', 0, 0, '700.00'),
(5831, '', '0.00', 0, 0, '761.00'),
(5832, '', '0.00', 0, 0, '2.36'),
(5833, '', '0.00', 0, 0, '875.00'),
(5834, '', '0.00', 0, 0, '783.75'),
(5835, '', '0.00', 0, 0, '312.50'),
(5836, '', '0.00', 0, 0, '775.00'),
(5837, '', '0.00', 0, 0, '236.10'),
(5838, '', '0.00', 0, 0, '800.00'),
(5839, '', '0.00', 0, 0, '222.45'),
(5840, '', '0.00', 0, 0, '900.00'),
(5841, '', '0.00', 0, 0, '900.00'),
(5842, '', '0.00', 0, 0, '975.00'),
(5843, '', '0.00', 0, 0, '93.75'),
(5844, '', '0.00', 0, 0, '362.50'),
(5845, '', '0.00', 0, 0, '275.00'),
(5846, '', '0.00', 0, 0, '1.84');

-- --------------------------------------------------------

--
-- Estructura de tabla para la tabla `usuario`
--

CREATE TABLE `usuario` (
  `id_usuario` int(11) NOT NULL,
  `usuario` varchar(50) NOT NULL,
  `clave` blob NOT NULL,
  `correo_usuario` varchar(150) NOT NULL,
  `telefono_usuario` int(11) NOT NULL,
  `id_cargo` int(11) NOT NULL,
  `nombre` varchar(45) NOT NULL,
  `apellido` varchar(45) NOT NULL
) ENGINE=InnoDB DEFAULT CHARSET=latin1;

--
-- Volcado de datos para la tabla `usuario`
--

INSERT INTO `usuario` (`id_usuario`, `usuario`, `clave`, `correo_usuario`, `telefono_usuario`, `id_cargo`, `nombre`, `apellido`) VALUES
(1, 'Avesousa', 0x3236333930303432, 'avesousa14@gmail.com', 1127283493, 3, 'Avelino', 'Figueira');

--
-- Índices para tablas volcadas
--

--
-- Indices de la tabla `cargo`
--
ALTER TABLE `cargo`
  ADD PRIMARY KEY (`id_cargo`);

--
-- Indices de la tabla `categorias`
--
ALTER TABLE `categorias`
  ADD PRIMARY KEY (`id_categoria`);

--
-- Indices de la tabla `clientes`
--
ALTER TABLE `clientes`
  ADD PRIMARY KEY (`id_cliente`);

--
-- Indices de la tabla `detalleventa`
--
ALTER TABLE `detalleventa`
  ADD PRIMARY KEY (`id_detalle`);

--
-- Indices de la tabla `factura`
--
ALTER TABLE `factura`
  ADD PRIMARY KEY (`id_factura`);

--
-- Indices de la tabla `productos`
--
ALTER TABLE `productos`
  ADD PRIMARY KEY (`id_producto`);

--
-- Indices de la tabla `usuario`
--
ALTER TABLE `usuario`
  ADD PRIMARY KEY (`id_usuario`);

--
-- AUTO_INCREMENT de las tablas volcadas
--

--
-- AUTO_INCREMENT de la tabla `cargo`
--
ALTER TABLE `cargo`
  MODIFY `id_cargo` int(11) NOT NULL AUTO_INCREMENT, AUTO_INCREMENT=4;

--
-- AUTO_INCREMENT de la tabla `categorias`
--
ALTER TABLE `categorias`
  MODIFY `id_categoria` int(11) NOT NULL AUTO_INCREMENT, AUTO_INCREMENT=11;

--
-- AUTO_INCREMENT de la tabla `clientes`
--
ALTER TABLE `clientes`
  MODIFY `id_cliente` int(11) NOT NULL AUTO_INCREMENT, AUTO_INCREMENT=41;

--
-- AUTO_INCREMENT de la tabla `detalleventa`
--
ALTER TABLE `detalleventa`
  MODIFY `id_detalle` int(11) NOT NULL AUTO_INCREMENT;

--
-- AUTO_INCREMENT de la tabla `factura`
--
ALTER TABLE `factura`
  MODIFY `id_factura` int(11) NOT NULL AUTO_INCREMENT;

--
-- AUTO_INCREMENT de la tabla `productos`
--
ALTER TABLE `productos`
  MODIFY `id_producto` int(11) NOT NULL AUTO_INCREMENT, AUTO_INCREMENT=5847;

--
-- AUTO_INCREMENT de la tabla `usuario`
--
ALTER TABLE `usuario`
  MODIFY `id_usuario` int(11) NOT NULL AUTO_INCREMENT, AUTO_INCREMENT=2;
COMMIT;

/*!40101 SET CHARACTER_SET_CLIENT=@OLD_CHARACTER_SET_CLIENT */;
/*!40101 SET CHARACTER_SET_RESULTS=@OLD_CHARACTER_SET_RESULTS */;
/*!40101 SET COLLATION_CONNECTION=@OLD_COLLATION_CONNECTION */;
